source_file,bird_species,bird_common,bird_family,obstype,study_type_raw,prey_class,prey_order,prey_family,prey_genus,prey_scientific,prey_stage,fraction_diet,diet_type,pred_mass_g,prey_mass_g,location_region,year,season,item_n,bird_n,ppmr_ln
"aviandietdb (Hurlbert et al. 2021, R pkg)",Buteo platypterus,Broad-winged Hawk,Accipitridae,Stomach,stomach contents,Mammalia,Lagomorpha,Leporidae,Sylvilagus,Sylvilagus audubonii,"",0.0169,Items,453.7,883,Iowa;Minnesota,1933,summer,177,17,0.665889013934041
"aviandietdb (Hurlbert et al. 2021, R pkg)",Buteo platypterus,Broad-winged Hawk,Accipitridae,Stomach,stomach contents,Mammalia,Rodentia,Sciuridae,Spermophilus,"","",0.0056,Items,453.7,353.233333333333,Iowa;Minnesota,1933,summer,177,17,-0.250307347157237
"aviandietdb (Hurlbert et al. 2021, R pkg)",Buteogallus anthracinus,Common Black Hawk,Accipitridae,Stomach,stomach contents,Aves,Passeriformes,Cardinalidae,Spiza,Spiza americana,"",0.075,Wt_or_Vol,975.1,26.2,New Mexico,1928,spring,,1,-3.61678061907402
"aviandietdb (Hurlbert et al. 2021, R pkg)",Buteogallus anthracinus,Common Black Hawk,Accipitridae,Stomach,stomach contents,Aves,Passeriformes,Corvidae,Cyanocorax,"","",0.111,Occurrence,975.1,177.245,El Salvador,1912,multiple,,9,-1.70500707357142
"aviandietdb (Hurlbert et al. 2021, R pkg)",Accipiter cooperii,Cooper's Hawk,Accipitridae,Stomach,emetic,Aves,Galliformes,Phasianidae,Bonasa,Bonasa umbellus,"",0.009345794,Items,429.7,530.9,Michigan,1941,summer,107,,0.211486388808677
"aviandietdb (Hurlbert et al. 2021, R pkg)",Accipiter cooperii,Cooper's Hawk,Accipitridae,Stomach,emetic,Aves,Galliformes,Odontophoridae,Colinus,Colinus virginianus,"",0.009345794,Items,429.7,171.9,Michigan,1941,summer,107,,-0.916174378392145
"aviandietdb (Hurlbert et al. 2021, R pkg)",Accipiter cooperii,Cooper's Hawk,Accipitridae,Stomach,emetic,Aves,Galliformes,Phasianidae,Phasianus,Phasianus colchicus,"",0.074766355,Items,429.7,1120.3,Michigan,1941,summer,107,,0.958264494783728
"aviandietdb (Hurlbert et al. 2021, R pkg)",Accipiter cooperii,Cooper's Hawk,Accipitridae,Stomach,emetic,Aves,Charadriiformes,Charadriidae,Charadrius,Charadrius vociferus,"",0.009345794,Items,429.7,96.4,Michigan,1941,summer,107,,-1.49458108916445
"aviandietdb (Hurlbert et al. 2021, R pkg)",Accipiter cooperii,Cooper's Hawk,Accipitridae,Stomach,emetic,Aves,Columbiformes,Columbidae,Zenaida,Zenaida macroura,"",0.074766355,Items,429.7,118.9,Michigan,1941,summer,107,,-1.28480448708421
"aviandietdb (Hurlbert et al. 2021, R pkg)",Accipiter cooperii,Cooper's Hawk,Accipitridae,Stomach,emetic,Aves,Cuculiformes,Cuculidae,Coccyzus,Coccyzus americanus,"",0.009345794,Items,429.7,64,Michigan,1941,summer,107,,-1.90420420742128
"aviandietdb (Hurlbert et al. 2021, R pkg)",Accipiter cooperii,Cooper's Hawk,Accipitridae,Stomach,emetic,Aves,Piciformes,Picidae,Colaptes,Colaptes auratus,"",0.028037383,Items,429.7,131.5,Michigan,1941,summer,107,,-1.18408043916313
"aviandietdb (Hurlbert et al. 2021, R pkg)",Accipiter cooperii,Cooper's Hawk,Accipitridae,Stomach,emetic,Aves,Piciformes,Picidae,Picoides,Picoides villosus,"",0.009345794,Items,429.7,39.33,Michigan,1941,summer,107,,-2.39109970433723
"aviandietdb (Hurlbert et al. 2021, R pkg)",Accipiter cooperii,Cooper's Hawk,Accipitridae,Stomach,emetic,Aves,Piciformes,Picidae,Picoides,Picoides pubescens,"",0.018691589,Items,429.7,39.33,Michigan,1941,summer,107,,-2.39109970433723
"aviandietdb (Hurlbert et al. 2021, R pkg)",Accipiter cooperii,Cooper's Hawk,Accipitridae,Stomach,emetic,Aves,Passeriformes,Tyrannidae,Sayornis,Sayornis phoebe,"",0.009345794,Items,429.7,19.7,Michigan,1941,summer,107,,-3.08246865503701
"aviandietdb (Hurlbert et al. 2021, R pkg)",Accipiter cooperii,Cooper's Hawk,Accipitridae,Stomach,emetic,Aves,Passeriformes,Hirundinidae,Riparia,Riparia riparia,"",0.009345794,Items,429.7,12.7,Michigan,1941,summer,107,,-3.5214852973164
"aviandietdb (Hurlbert et al. 2021, R pkg)",Accipiter cooperii,Cooper's Hawk,Accipitridae,Stomach,emetic,Aves,Passeriformes,Corvidae,Cyanocitta,Cyanocitta cristata,"",0.074766355,Items,429.7,88,Michigan,1941,summer,107,,-1.58575047630274
"aviandietdb (Hurlbert et al. 2021, R pkg)",Accipiter cooperii,Cooper's Hawk,Accipitridae,Stomach,emetic,Aves,Passeriformes,Sittidae,Sitta,Sitta carolinensis,"",0.018691589,Items,429.7,21,Michigan,1941,summer,107,,-3.01856485305753
"aviandietdb (Hurlbert et al. 2021, R pkg)",Accipiter cooperii,Cooper's Hawk,Accipitridae,Stomach,emetic,Aves,Passeriformes,Turdidae,Turdus,Turdus migratorius,"",0.074766355,Items,429.7,78.5,Michigan,1941,summer,107,,-1.69998866599259
"aviandietdb (Hurlbert et al. 2021, R pkg)",Accipiter cooperii,Cooper's Hawk,Accipitridae,Stomach,emetic,Aves,Passeriformes,Bombycillidae,Bombycilla,Bombycilla cedrorum,"",0.018691589,Items,429.7,31.6,Michigan,1941,summer,107,,-2.60993017018808
"aviandietdb (Hurlbert et al. 2021, R pkg)",Accipiter cooperii,Cooper's Hawk,Accipitridae,Stomach,emetic,Aves,Passeriformes,Sturnidae,Sturnus,Sturnus vulgaris,"",0.093457944,Items,429.7,77.1,Michigan,1941,summer,107,,-1.71798401021167
"aviandietdb (Hurlbert et al. 2021, R pkg)",Accipiter cooperii,Cooper's Hawk,Accipitridae,Stomach,emetic,Aves,Passeriformes,Passeridae,Passer,Passer domesticus,"",0.130841121,Items,429.7,26.5,Michigan,1941,summer,107,,-2.78594255778877
"aviandietdb (Hurlbert et al. 2021, R pkg)",Accipiter cooperii,Cooper's Hawk,Accipitridae,Stomach,emetic,Aves,Passeriformes,Icteridae,Agelaius,Agelaius phoeniceus,"",0.056074766,Items,429.7,50.8,Michigan,1941,summer,107,,-2.13519093619651
"aviandietdb (Hurlbert et al. 2021, R pkg)",Accipiter cooperii,Cooper's Hawk,Accipitridae,Stomach,emetic,Aves,Passeriformes,Icteridae,Icterus,Icterus galbula,"",0.028037383,Items,429.7,32.8,Michigan,1941,summer,107,,-2.57265877539085
"aviandietdb (Hurlbert et al. 2021, R pkg)",Accipiter cooperii,Cooper's Hawk,Accipitridae,Stomach,emetic,Aves,Passeriformes,Icteridae,Quiscalus,Quiscalus quiscula,"",0.009345794,Items,429.7,105.2,Michigan,1941,summer,107,,-1.40722399047734
"aviandietdb (Hurlbert et al. 2021, R pkg)",Accipiter cooperii,Cooper's Hawk,Accipitridae,Stomach,emetic,Aves,Passeriformes,Icteridae,Molothrus,Molothrus ater,"",0.018691589,Items,429.7,40.3,Michigan,1941,summer,107,,-2.36673582182831
"aviandietdb (Hurlbert et al. 2021, R pkg)",Accipiter cooperii,Cooper's Hawk,Accipitridae,Stomach,emetic,Aves,Passeriformes,Emberizidae,Pooecetes,Pooecetes gramineus,"",0.028037383,Items,429.7,25.7,Michigan,1941,summer,107,,-2.81659629887978
"aviandietdb (Hurlbert et al. 2021, R pkg)",Accipiter cooperii,Cooper's Hawk,Accipitridae,Stomach,emetic,Mammalia,Rodentia,Sciuridae,Tamias,Tamias striatus,"",0.074766355,Items,429.7,68.45,Michigan,1941,summer,107,,-1.83698373904649
"aviandietdb (Hurlbert et al. 2021, R pkg)",Accipiter cooperii,Cooper's Hawk,Accipitridae,Stomach,emetic,Mammalia,Rodentia,Sciuridae,Tamiasciurus,Tamiasciurus hudsonicus,"",0.009345794,Items,429.7,200,Michigan,1941,summer,107,,-0.764769924232913
"aviandietdb (Hurlbert et al. 2021, R pkg)",Accipiter cooperii,Cooper's Hawk,Accipitridae,Stomach,emetic,Mammalia,Rodentia,Sciuridae,Sciurus,Sciurus carolinensis,"",0.018691589,Items,429.7,546,Michigan,1941,summer,107,,0.239531684963956
"aviandietdb (Hurlbert et al. 2021, R pkg)",Accipiter cooperii,Cooper's Hawk,Accipitridae,Stomach,emetic,Aves,Galliformes,Phasianidae,Bonasa,Bonasa umbellus,"",0.025974026,Items,429.7,530.9,Michigan,1941,summer,77,,0.211486388808677
"aviandietdb (Hurlbert et al. 2021, R pkg)",Accipiter cooperii,Cooper's Hawk,Accipitridae,Stomach,emetic,Aves,Galliformes,Phasianidae,Phasianus,Phasianus colchicus,"",0.038961039,Items,429.7,1120.3,Michigan,1941,summer,77,,0.958264494783728
"aviandietdb (Hurlbert et al. 2021, R pkg)",Accipiter cooperii,Cooper's Hawk,Accipitridae,Stomach,emetic,Aves,Columbiformes,Columbidae,Zenaida,Zenaida macroura,"",0.012987013,Items,429.7,118.9,Michigan,1941,summer,77,,-1.28480448708421
"aviandietdb (Hurlbert et al. 2021, R pkg)",Accipiter cooperii,Cooper's Hawk,Accipitridae,Stomach,emetic,Aves,Cuculiformes,Cuculidae,Coccyzus,Coccyzus americanus,"",0.012987013,Items,429.7,64,Michigan,1941,summer,77,,-1.90420420742128
"aviandietdb (Hurlbert et al. 2021, R pkg)",Accipiter cooperii,Cooper's Hawk,Accipitridae,Stomach,emetic,Aves,Strigiformes,Strigidae,Megascops,Megascops asio,"",0.012987013,Items,429.7,180,Michigan,1941,summer,77,,-0.870130439890739
"aviandietdb (Hurlbert et al. 2021, R pkg)",Accipiter cooperii,Cooper's Hawk,Accipitridae,Stomach,emetic,Aves,Piciformes,Picidae,Colaptes,Colaptes auratus,"",0.090909091,Items,429.7,131.5,Michigan,1941,summer,77,,-1.18408043916313
"aviandietdb (Hurlbert et al. 2021, R pkg)",Accipiter cooperii,Cooper's Hawk,Accipitridae,Stomach,emetic,Aves,Passeriformes,Hirundinidae,Progne,Progne subis,"",0.012987013,Items,429.7,53.8,Michigan,1941,summer,77,,-2.07781382361321
"aviandietdb (Hurlbert et al. 2021, R pkg)",Accipiter cooperii,Cooper's Hawk,Accipitridae,Stomach,emetic,Aves,Passeriformes,Corvidae,Cyanocitta,Cyanocitta cristata,"",0.090909091,Items,429.7,88,Michigan,1941,summer,77,,-1.58575047630274
"aviandietdb (Hurlbert et al. 2021, R pkg)",Accipiter cooperii,Cooper's Hawk,Accipitridae,Stomach,emetic,Aves,Passeriformes,Mimidae,Dumetella,Dumetella carolinensis,"",0.025974026,Items,429.7,35.3,Michigan,1941,summer,77,,-2.4992043268417
"aviandietdb (Hurlbert et al. 2021, R pkg)",Accipiter cooperii,Cooper's Hawk,Accipitridae,Stomach,emetic,Aves,Passeriformes,Turdidae,Turdus,Turdus migratorius,"",0.025974026,Items,429.7,78.5,Michigan,1941,summer,77,,-1.69998866599259
"aviandietdb (Hurlbert et al. 2021, R pkg)",Accipiter cooperii,Cooper's Hawk,Accipitridae,Stomach,emetic,Aves,Passeriformes,Bombycillidae,Bombycilla,Bombycilla cedrorum,"",0.038961039,Items,429.7,31.6,Michigan,1941,summer,77,,-2.60993017018808
"aviandietdb (Hurlbert et al. 2021, R pkg)",Accipiter cooperii,Cooper's Hawk,Accipitridae,Stomach,emetic,Aves,Passeriformes,Sturnidae,Sturnus,Sturnus vulgaris,"",0.025974026,Items,429.7,77.1,Michigan,1941,summer,77,,-1.71798401021167
"aviandietdb (Hurlbert et al. 2021, R pkg)",Accipiter cooperii,Cooper's Hawk,Accipitridae,Stomach,emetic,Aves,Passeriformes,Passeridae,Passer,Passer domesticus,"",0.103896104,Items,429.7,26.5,Michigan,1941,summer,77,,-2.78594255778877
"aviandietdb (Hurlbert et al. 2021, R pkg)",Accipiter cooperii,Cooper's Hawk,Accipitridae,Stomach,emetic,Aves,Passeriformes,Icteridae,Agelaius,Agelaius phoeniceus,"",0.064935065,Items,429.7,50.8,Michigan,1941,summer,77,,-2.13519093619651
"aviandietdb (Hurlbert et al. 2021, R pkg)",Accipiter cooperii,Cooper's Hawk,Accipitridae,Stomach,emetic,Aves,Passeriformes,Icteridae,Icterus,Icterus galbula,"",0.025974026,Items,429.7,32.8,Michigan,1941,summer,77,,-2.57265877539085
"aviandietdb (Hurlbert et al. 2021, R pkg)",Accipiter cooperii,Cooper's Hawk,Accipitridae,Stomach,emetic,Aves,Passeriformes,Icteridae,Molothrus,Molothrus ater,"",0.012987013,Items,429.7,40.3,Michigan,1941,summer,77,,-2.36673582182831
"aviandietdb (Hurlbert et al. 2021, R pkg)",Accipiter cooperii,Cooper's Hawk,Accipitridae,Stomach,emetic,Aves,Passeriformes,Cardinalidae,Piranga,Piranga olivacea,"",0.025974026,Items,429.7,28.2,Michigan,1941,summer,77,,-2.72376531283688
"aviandietdb (Hurlbert et al. 2021, R pkg)",Accipiter cooperii,Cooper's Hawk,Accipitridae,Stomach,emetic,Aves,Passeriformes,Cardinalidae,Cardinalis,Cardinalis cardinalis,"",0.012987013,Items,429.7,42.6,Michigan,1941,summer,77,,-2.31123303750562
"aviandietdb (Hurlbert et al. 2021, R pkg)",Accipiter cooperii,Cooper's Hawk,Accipitridae,Stomach,emetic,Aves,Passeriformes,Emberizidae,Pipilo,Pipilo erythrophthalmus,"",0.012987013,Items,429.7,40,Michigan,1941,summer,77,,-2.37420783666701
"aviandietdb (Hurlbert et al. 2021, R pkg)",Accipiter cooperii,Cooper's Hawk,Accipitridae,Stomach,emetic,Mammalia,Rodentia,Sciuridae,Tamias,Tamias striatus,"",0.116883117,Items,429.7,68.45,Michigan,1941,summer,77,,-1.83698373904649
"aviandietdb (Hurlbert et al. 2021, R pkg)",Accipiter cooperii,Cooper's Hawk,Accipitridae,Stomach,emetic,Mammalia,Rodentia,Sciuridae,Tamiasciurus,Tamiasciurus hudsonicus,"",0.012987013,Items,429.7,200,Michigan,1941,summer,77,,-0.764769924232913
"aviandietdb (Hurlbert et al. 2021, R pkg)",Accipiter cooperii,Cooper's Hawk,Accipitridae,Stomach,emetic,Mammalia,Rodentia,Sciuridae,Sciurus,Sciurus niger,"",0.012987013,Items,429.7,461.04,Michigan,1941,summer,77,,0.0703975163474624
"aviandietdb (Hurlbert et al. 2021, R pkg)",Accipiter cooperii,Cooper's Hawk,Accipitridae,Stomach,emetic,Mammalia,Rodentia,Sciuridae,Glaucomys,Glaucomys volans,"",0.012987013,Items,429.7,72,Michigan,1941,summer,77,,-1.78642117176489
"aviandietdb (Hurlbert et al. 2021, R pkg)",Accipiter cooperii,Cooper's Hawk,Accipitridae,Stomach,emetic,Mammalia,Lagomorpha,Leporidae,Sylvilagus,Sylvilagus floridanus,"",0.012987013,Items,429.7,1210,Michigan,1941,summer,77,,1.03528834780984
"aviandietdb (Hurlbert et al. 2021, R pkg)",Accipiter cooperii,Cooper's Hawk,Accipitridae,Stomach,emetic,Aves,Galliformes,Phasianidae,Bonasa,Bonasa umbellus,"",0.037037037,Items,429.7,530.9,Michigan,1942,summer,27,,0.211486388808677
"aviandietdb (Hurlbert et al. 2021, R pkg)",Accipiter cooperii,Cooper's Hawk,Accipitridae,Stomach,emetic,Aves,Galliformes,Phasianidae,Phasianus,Phasianus colchicus,"",0.111111111,Items,429.7,1120.3,Michigan,1942,summer,27,,0.958264494783728
"aviandietdb (Hurlbert et al. 2021, R pkg)",Accipiter cooperii,Cooper's Hawk,Accipitridae,Stomach,emetic,Aves,Columbiformes,Columbidae,Zenaida,Zenaida macroura,"",0.037037037,Items,429.7,118.9,Michigan,1942,summer,27,,-1.28480448708421
"aviandietdb (Hurlbert et al. 2021, R pkg)",Accipiter cooperii,Cooper's Hawk,Accipitridae,Stomach,emetic,Aves,Piciformes,Picidae,Colaptes,Colaptes auratus,"",0.037037037,Items,429.7,131.5,Michigan,1942,summer,27,,-1.18408043916313
"aviandietdb (Hurlbert et al. 2021, R pkg)",Accipiter cooperii,Cooper's Hawk,Accipitridae,Stomach,emetic,Aves,Piciformes,Picidae,Picoides,Picoides villosus,"",0.037037037,Items,429.7,39.33,Michigan,1942,summer,27,,-2.39109970433723
"aviandietdb (Hurlbert et al. 2021, R pkg)",Accipiter cooperii,Cooper's Hawk,Accipitridae,Stomach,emetic,Aves,Passeriformes,Tyrannidae,Tyrannus,Tyrannus tyrannus,"",0.037037037,Items,429.7,39.9,Michigan,1942,summer,27,,-2.37671096688513
"aviandietdb (Hurlbert et al. 2021, R pkg)",Accipiter cooperii,Cooper's Hawk,Accipitridae,Stomach,emetic,Aves,Passeriformes,Bombycillidae,Bombycilla,Bombycilla cedrorum,"",0.037037037,Items,429.7,31.6,Michigan,1942,summer,27,,-2.60993017018808
"aviandietdb (Hurlbert et al. 2021, R pkg)",Accipiter cooperii,Cooper's Hawk,Accipitridae,Stomach,emetic,Aves,Passeriformes,Sturnidae,Sturnus,Sturnus vulgaris,"",0.074074074,Items,429.7,77.1,Michigan,1942,summer,27,,-1.71798401021167
"aviandietdb (Hurlbert et al. 2021, R pkg)",Accipiter cooperii,Cooper's Hawk,Accipitridae,Stomach,emetic,Aves,Passeriformes,Passeridae,Passer,Passer domesticus,"",0.148148148,Items,429.7,26.5,Michigan,1942,summer,27,,-2.78594255778877
"aviandietdb (Hurlbert et al. 2021, R pkg)",Accipiter cooperii,Cooper's Hawk,Accipitridae,Stomach,emetic,Aves,Passeriformes,Icteridae,Agelaius,Agelaius phoeniceus,"",0.111111111,Items,429.7,50.8,Michigan,1942,summer,27,,-2.13519093619651
"aviandietdb (Hurlbert et al. 2021, R pkg)",Accipiter cooperii,Cooper's Hawk,Accipitridae,Stomach,emetic,Aves,Passeriformes,Icteridae,Icterus,Icterus galbula,"",0.074074074,Items,429.7,32.8,Michigan,1942,summer,27,,-2.57265877539085
"aviandietdb (Hurlbert et al. 2021, R pkg)",Accipiter cooperii,Cooper's Hawk,Accipitridae,Stomach,emetic,Mammalia,Rodentia,Sciuridae,Tamias,Tamias striatus,"",0.074074074,Items,429.7,68.45,Michigan,1942,summer,27,,-1.83698373904649
"aviandietdb (Hurlbert et al. 2021, R pkg)",Accipiter cooperii,Cooper's Hawk,Accipitridae,Stomach,emetic,Mammalia,Rodentia,Cricetidae,Synaptomys,Synaptomys cooperi,"",0.037037037,Items,429.7,28,Michigan,1942,summer,27,,-2.73088278060575
"aviandietdb (Hurlbert et al. 2021, R pkg)",Accipiter cooperii,Cooper's Hawk,Accipitridae,Stomach,emetic,Mammalia,Rodentia,Dipodidae,Zapus,Zapus hudsonius,"",0.037037037,Items,429.7,18.4,Michigan,1942,summer,27,,-3.15073662616601
"aviandietdb (Hurlbert et al. 2021, R pkg)",Accipiter cooperii,Cooper's Hawk,Accipitridae,Stomach,emetic,Aves,Piciformes,Picidae,Colaptes,Colaptes auratus,"",0.078431373,Items,429.7,131.5,Michigan,1946,summer,51,,-1.18408043916313
"aviandietdb (Hurlbert et al. 2021, R pkg)",Accipiter cooperii,Cooper's Hawk,Accipitridae,Stomach,emetic,Aves,Piciformes,Picidae,Picoides,Picoides villosus,"",0.019607843,Items,429.7,39.33,Michigan,1946,summer,51,,-2.39109970433723
"aviandietdb (Hurlbert et al. 2021, R pkg)",Accipiter cooperii,Cooper's Hawk,Accipitridae,Stomach,emetic,Aves,Passeriformes,Corvidae,Cyanocitta,Cyanocitta cristata,"",0.019607843,Items,429.7,88,Michigan,1946,summer,51,,-1.58575047630274
"aviandietdb (Hurlbert et al. 2021, R pkg)",Accipiter cooperii,Cooper's Hawk,Accipitridae,Stomach,emetic,Aves,Passeriformes,Mimidae,Dumetella,Dumetella carolinensis,"",0.019607843,Items,429.7,35.3,Michigan,1946,summer,51,,-2.4992043268417
"aviandietdb (Hurlbert et al. 2021, R pkg)",Accipiter cooperii,Cooper's Hawk,Accipitridae,Stomach,emetic,Aves,Passeriformes,Turdidae,Turdus,Turdus migratorius,"",0.039215686,Items,429.7,78.5,Michigan,1946,summer,51,,-1.69998866599259
"aviandietdb (Hurlbert et al. 2021, R pkg)",Accipiter cooperii,Cooper's Hawk,Accipitridae,Stomach,emetic,Aves,Passeriformes,Turdidae,Hylocichla,Hylocichla mustelina,"",0.019607843,Items,429.7,50.1,Michigan,1946,summer,51,,-2.14906628269013
"aviandietdb (Hurlbert et al. 2021, R pkg)",Accipiter cooperii,Cooper's Hawk,Accipitridae,Stomach,emetic,Aves,Passeriformes,Bombycillidae,Bombycilla,Bombycilla cedrorum,"",0.019607843,Items,429.7,31.6,Michigan,1946,summer,51,,-2.60993017018808
"aviandietdb (Hurlbert et al. 2021, R pkg)",Accipiter cooperii,Cooper's Hawk,Accipitridae,Stomach,emetic,Aves,Passeriformes,Sturnidae,Sturnus,Sturnus vulgaris,"",0.078431373,Items,429.7,77.1,Michigan,1946,summer,51,,-1.71798401021167
"aviandietdb (Hurlbert et al. 2021, R pkg)",Accipiter cooperii,Cooper's Hawk,Accipitridae,Stomach,emetic,Aves,Passeriformes,Vireonidae,Vireo,Vireo flavifrons,"",0.019607843,Items,429.7,18,Michigan,1946,summer,51,,-3.17271553288478
"aviandietdb (Hurlbert et al. 2021, R pkg)",Accipiter cooperii,Cooper's Hawk,Accipitridae,Stomach,emetic,Aves,Passeriformes,Passeridae,Passer,Passer domesticus,"",0.039215686,Items,429.7,26.5,Michigan,1946,summer,51,,-2.78594255778877
"aviandietdb (Hurlbert et al. 2021, R pkg)",Accipiter cooperii,Cooper's Hawk,Accipitridae,Stomach,emetic,Aves,Passeriformes,Icteridae,Sturnella,Sturnella magna,"",0.078431373,Items,429.7,91.8,Michigan,1946,summer,51,,-1.5434749931545
"aviandietdb (Hurlbert et al. 2021, R pkg)",Accipiter cooperii,Cooper's Hawk,Accipitridae,Stomach,emetic,Aves,Passeriformes,Icteridae,Agelaius,Agelaius phoeniceus,"",0.117647059,Items,429.7,50.8,Michigan,1946,summer,51,,-2.13519093619651
"aviandietdb (Hurlbert et al. 2021, R pkg)",Accipiter cooperii,Cooper's Hawk,Accipitridae,Stomach,emetic,Aves,Passeriformes,Icteridae,Icterus,Icterus galbula,"",0.039215686,Items,429.7,32.8,Michigan,1946,summer,51,,-2.57265877539085
"aviandietdb (Hurlbert et al. 2021, R pkg)",Accipiter cooperii,Cooper's Hawk,Accipitridae,Stomach,emetic,Aves,Passeriformes,Icteridae,Molothrus,Molothrus ater,"",0.019607843,Items,429.7,40.3,Michigan,1946,summer,51,,-2.36673582182831
"aviandietdb (Hurlbert et al. 2021, R pkg)",Accipiter cooperii,Cooper's Hawk,Accipitridae,Stomach,emetic,Aves,Passeriformes,Cardinalidae,Piranga,Piranga olivacea,"",0.019607843,Items,429.7,28.2,Michigan,1946,summer,51,,-2.72376531283688
"aviandietdb (Hurlbert et al. 2021, R pkg)",Accipiter cooperii,Cooper's Hawk,Accipitridae,Stomach,emetic,Aves,Passeriformes,Cardinalidae,Cardinalis,Cardinalis cardinalis,"",0.019607843,Items,429.7,42.6,Michigan,1946,summer,51,,-2.31123303750562
"aviandietdb (Hurlbert et al. 2021, R pkg)",Accipiter cooperii,Cooper's Hawk,Accipitridae,Stomach,emetic,Aves,Passeriformes,Emberizidae,Pooecetes,Pooecetes gramineus,"",0.019607843,Items,429.7,25.7,Michigan,1946,summer,51,,-2.81659629887978
"aviandietdb (Hurlbert et al. 2021, R pkg)",Accipiter cooperii,Cooper's Hawk,Accipitridae,Stomach,emetic,Aves,Passeriformes,Emberizidae,Melospiza,Melospiza melodia,"",0.019607843,Items,429.7,21.9,Michigan,1946,summer,51,,-2.97660065395849
"aviandietdb (Hurlbert et al. 2021, R pkg)",Accipiter cooperii,Cooper's Hawk,Accipitridae,Stomach,emetic,Mammalia,Soricomorpha,Talpidae,Scalopus,Scalopus aquaticus,"",0.019607843,Items,429.7,86.6,Michigan,1946,summer,51,,-1.60178747521256
"aviandietdb (Hurlbert et al. 2021, R pkg)",Accipiter cooperii,Cooper's Hawk,Accipitridae,Stomach,emetic,Mammalia,Rodentia,Sciuridae,Tamias,Tamias striatus,"",0.098039216,Items,429.7,68.45,Michigan,1946,summer,51,,-1.83698373904649
"aviandietdb (Hurlbert et al. 2021, R pkg)",Accipiter cooperii,Cooper's Hawk,Accipitridae,Stomach,stomach contents,Aves,Passeriformes,Emberizidae,Melospiza,"","",0.097,Items,429.7,18.2,North America,,multiple,145,,-3.1616656966982
"aviandietdb (Hurlbert et al. 2021, R pkg)",Accipiter cooperii,Cooper's Hawk,Accipitridae,Stomach,stomach contents,Aves,Galliformes,Odontophoridae,Colinus,"","",0.09,Items,429.7,141.225,North America,,multiple,145,,-1.11273292756962
"aviandietdb (Hurlbert et al. 2021, R pkg)",Accipiter cooperii,Cooper's Hawk,Accipitridae,Stomach,stomach contents,Aves,Passeriformes,Passeridae,Passer,"","",0.09,Items,429.7,23.9392857142857,North America,,multiple,145,,-2.88756642759224
"aviandietdb (Hurlbert et al. 2021, R pkg)",Accipiter cooperii,Cooper's Hawk,Accipitridae,Stomach,stomach contents,Aves,Passeriformes,Emberizidae,Pipilo,"","",0.062,Items,429.7,41.8,North America,,multiple,145,,-2.33019095125024
"aviandietdb (Hurlbert et al. 2021, R pkg)",Accipiter cooperii,Cooper's Hawk,Accipitridae,Stomach,stomach contents,Aves,Passeriformes,Emberizidae,Junco,"","",0.041,Items,429.7,22.06,North America,,multiple,145,,-2.96932127695559
"aviandietdb (Hurlbert et al. 2021, R pkg)",Accipiter cooperii,Cooper's Hawk,Accipitridae,Stomach,stomach contents,Aves,Passeriformes,Emberizidae,Spizella,"","",0.034,Items,429.7,11.75,North America,,multiple,145,,-3.59923405019078
"aviandietdb (Hurlbert et al. 2021, R pkg)",Accipiter cooperii,Cooper's Hawk,Accipitridae,Stomach,stomach contents,Mammalia,Rodentia,Sciuridae,Tamias,"","",0.062,Items,429.7,68.45,North America,,multiple,145,,-1.83698373904649
"aviandietdb (Hurlbert et al. 2021, R pkg)",Accipiter cooperii,Cooper's Hawk,Accipitridae,Stomach,stomach contents,Aves,Passeriformes,Icteridae,Sturnella,"","",0.028,Items,429.7,95.95,North America,,multiple,145,,-1.49926006832724
"aviandietdb (Hurlbert et al. 2021, R pkg)",Accipiter cooperii,Cooper's Hawk,Accipitridae,Stomach,stomach contents,Mammalia,Rodentia,Cricetidae,Sigmodon,"","",0.028,Items,429.7,138.744444444444,North America,,multiple,145,,-1.13045357899607
"aviandietdb (Hurlbert et al. 2021, R pkg)",Accipiter cooperii,Cooper's Hawk,Accipitridae,Stomach,stomach contents,Aves,Passeriformes,Turdidae,Turdus,"","",0.021,Items,429.7,76.5802325581395,North America,,multiple,145,,-1.72474830793647
"aviandietdb (Hurlbert et al. 2021, R pkg)",Accipiter cooperii,Cooper's Hawk,Accipitridae,Stomach,stomach contents,Aves,Passeriformes,Turdidae,Hylocichla,"","",0.021,Items,429.7,50.1,North America,,multiple,145,,-2.14906628269013
"aviandietdb (Hurlbert et al. 2021, R pkg)",Accipiter cooperii,Cooper's Hawk,Accipitridae,Stomach,stomach contents,Aves,Passeriformes,Corvidae,Cyanocitta,"","",0.021,Items,429.7,108,North America,,multiple,145,,-1.38095606365673
"aviandietdb (Hurlbert et al. 2021, R pkg)",Accipiter cooperii,Cooper's Hawk,Accipitridae,Stomach,stomach contents,Aves,Piciformes,Picidae,Colaptes,"","",0.021,Items,429.7,117.747368421053,North America,,multiple,145,,-1.29454590699996
"aviandietdb (Hurlbert et al. 2021, R pkg)",Accipiter cooperii,Cooper's Hawk,Accipitridae,Stomach,stomach contents,Aves,Galliformes,Odontophoridae,Callipepla,"","",0.021,Items,429.7,173.175,North America,,multiple,145,,-0.90878464687228
"aviandietdb (Hurlbert et al. 2021, R pkg)",Accipiter cooperii,Cooper's Hawk,Accipitridae,Stomach,stomach contents,Mammalia,Rodentia,Sciuridae,Tamiasciurus,"","",0.021,Items,429.7,134.225,North America,,multiple,145,,-1.16356979447232
"aviandietdb (Hurlbert et al. 2021, R pkg)",Accipiter cooperii,Cooper's Hawk,Accipitridae,Stomach,stomach contents,Aves,Passeriformes,Emberizidae,Zonotrichia,"","",0.021,Items,429.7,28.04,North America,,multiple,145,,-2.72945522861456
"aviandietdb (Hurlbert et al. 2021, R pkg)",Accipiter cooperii,Cooper's Hawk,Accipitridae,Stomach,stomach contents,Aves,Passeriformes,Fringillidae,Carpodacus,"","",0.021,Items,429.7,29.1,North America,,multiple,145,,-2.6923491166035
"aviandietdb (Hurlbert et al. 2021, R pkg)",Accipiter cooperii,Cooper's Hawk,Accipitridae,Stomach,stomach contents,Aves,Passeriformes,Icteridae,Quiscalus,"","",0.021,Items,429.7,102.583333333333,North America,,multiple,145,,-1.4324118143845
"aviandietdb (Hurlbert et al. 2021, R pkg)",Aquila chrysaetos,Golden Eagle,Accipitridae,Stomach,stomach contents,Mammalia,Lagomorpha,Leporidae,Lepus,Lepus townsendii,"",0.568627451,Occurrence,4248,3380,Montana,1948,spring,,51,-0.22857257444471
"aviandietdb (Hurlbert et al. 2021, R pkg)",Aquila chrysaetos,Golden Eagle,Accipitridae,Stomach,stomach contents,Mammalia,Artiodactyla,Antilocapridae,Antilocapra,Antilocapra americana,"",0.156862745,Occurrence,4248,46900,Montana,1948,spring,,51,2.4015693915126
"aviandietdb (Hurlbert et al. 2021, R pkg)",Aquila chrysaetos,Golden Eagle,Accipitridae,Stomach,stomach contents,Mammalia,Artiodactyla,Bovidae,Ovis,Ovis aries,"",0.098039216,Occurrence,4248,34200,Montana,1948,spring,,51,2.08577736012892
"aviandietdb (Hurlbert et al. 2021, R pkg)",Aquila chrysaetos,Golden Eagle,Accipitridae,Stomach,stomach contents,Aves,Galliformes,Phasianidae,Tympanuchus,Tympanuchus phasianellus,"",0.019607843,Occurrence,4248,882.4,Montana,1948,spring,,51,-1.57155809498248
"aviandietdb (Hurlbert et al. 2021, R pkg)",Aquila chrysaetos,Golden Eagle,Accipitridae,Stomach,stomach contents,Mammalia,Rodentia,Sciuridae,Cynomys,Cynomys ludovicianus,"",0.039215686,Occurrence,4248,797,Montana,1948,spring,,51,-1.67334888413156
"aviandietdb (Hurlbert et al. 2021, R pkg)",Aquila chrysaetos,Golden Eagle,Accipitridae,Stomach,stomach contents,Mammalia,Lagomorpha,Leporidae,Sylvilagus,"","",0.078431373,Occurrence,4248,1397.54545454545,Montana,1948,spring,,51,-1.11173083280755
"aviandietdb (Hurlbert et al. 2021, R pkg)",Aquila chrysaetos,Golden Eagle,Accipitridae,Stomach,stomach contents,Mammalia,Rodentia,Cricetidae,Microtus,"","",0.117647059,Occurrence,4248,41.4838709677419,Montana,1948,spring,,51,-4.62889886260936
"aviandietdb (Hurlbert et al. 2021, R pkg)",Aquila chrysaetos,Golden Eagle,Accipitridae,Stomach,stomach contents,Mammalia,Rodentia,Cricetidae,Peromyscus,"","",0.078431373,Occurrence,4248,35.3439024390244,Montana,1948,spring,,51,-4.7890776765742
"aviandietdb (Hurlbert et al. 2021, R pkg)",Aquila chrysaetos,Golden Eagle,Accipitridae,Stomach,stomach contents,Mammalia,Rodentia,Sciuridae,Spermophilus,"","",0.019607843,Occurrence,4248,353.233333333333,Montana,1948,spring,,51,-2.48707472340909
"aviandietdb (Hurlbert et al. 2021, R pkg)",Aquila chrysaetos,Golden Eagle,Accipitridae,Stomach,stomach contents,Aves,Galliformes,Phasianidae,Phasianus,Phasianus colchicus,"",0.019607843,Occurrence,4248,1120.3,Montana,1948,spring,,51,-1.3328517773571
"aviandietdb (Hurlbert et al. 2021, R pkg)",Accipiter striatus,Sharp-shinned Hawk,Accipitridae,Stomach,stomach contents,Aves,Passeriformes,Emberizidae,Melospiza,"","",0.093637455,Wt_or_Vol,130.6,18.2,North America,,winter;spring;summer,833,,-1.97071762275958
"aviandietdb (Hurlbert et al. 2021, R pkg)",Accipiter striatus,Sharp-shinned Hawk,Accipitridae,Stomach,stomach contents,Aves,Passeriformes,Turdidae,Turdus,"","",0.06482593,Wt_or_Vol,130.6,76.5802325581395,North America,,winter;spring;summer,833,,-0.533800233997852
"aviandietdb (Hurlbert et al. 2021, R pkg)",Accipiter striatus,Sharp-shinned Hawk,Accipitridae,Stomach,stomach contents,Aves,Passeriformes,Turdidae,Hylocichla,"","",0.051620648,Wt_or_Vol,130.6,50.1,North America,,winter;spring;summer,833,,-0.958118208751511
"aviandietdb (Hurlbert et al. 2021, R pkg)",Accipiter striatus,Sharp-shinned Hawk,Accipitridae,Stomach,stomach contents,Aves,Passeriformes,Emberizidae,Spizella,"","",0.049219688,Wt_or_Vol,130.6,11.75,North America,,winter;spring;summer,833,,-2.40828597625216
"aviandietdb (Hurlbert et al. 2021, R pkg)",Accipiter striatus,Sharp-shinned Hawk,Accipitridae,Stomach,stomach contents,Aves,Passeriformes,Emberizidae,Pipilo,"","",0.042016807,Wt_or_Vol,130.6,41.8,North America,,winter;spring;summer,833,,-1.13924287731162
"aviandietdb (Hurlbert et al. 2021, R pkg)",Accipiter striatus,Sharp-shinned Hawk,Accipitridae,Stomach,stomach contents,Aves,Passeriformes,Passeridae,Passer,"","",0.039615846,Wt_or_Vol,130.6,23.9392857142857,North America,,winter;spring;summer,833,,-1.69661835365362
"aviandietdb (Hurlbert et al. 2021, R pkg)",Accipiter striatus,Sharp-shinned Hawk,Accipitridae,Stomach,stomach contents,Mammalia,Rodentia,Sciuridae,Sciurus,"","",0.032412965,Wt_or_Vol,130.6,461.04,North America,,winter;spring;summer,833,,1.26134559028608
"aviandietdb (Hurlbert et al. 2021, R pkg)",Accipiter striatus,Sharp-shinned Hawk,Accipitridae,Stomach,stomach contents,Aves,Passeriformes,Hirundinidae,Tachycineta,"","",0.024009604,Wt_or_Vol,130.6,16.1888888888889,North America,,winter;spring;summer,833,,-2.08781408097739
"aviandietdb (Hurlbert et al. 2021, R pkg)",Accipiter striatus,Sharp-shinned Hawk,Accipitridae,Stomach,stomach contents,Aves,Passeriformes,Emberizidae,Junco,"","",0.020408163,Wt_or_Vol,130.6,22.06,North America,,winter;spring;summer,833,,-1.77837320301697
"aviandietdb (Hurlbert et al. 2021, R pkg)",Accipiter striatus,Sharp-shinned Hawk,Accipitridae,Stomach,stomach contents,Aves,Passeriformes,Mimidae,Dumetella,"","",0.019207683,Wt_or_Vol,130.6,35.3,North America,,winter;spring;summer,833,,-1.30825625290308
"aviandietdb (Hurlbert et al. 2021, R pkg)",Accipiter striatus,Sharp-shinned Hawk,Accipitridae,Stomach,stomach contents,Aves,Passeriformes,Parulidae,Geothlypis,"","",0.018007203,Wt_or_Vol,130.6,13.32,North America,,winter;spring;summer,833,,-2.28287255173009
"aviandietdb (Hurlbert et al. 2021, R pkg)",Accipiter striatus,Sharp-shinned Hawk,Accipitridae,Stomach,stomach contents,Aves,Passeriformes,Emberizidae,Pooecetes,"","",0.016806723,Wt_or_Vol,130.6,25.7,North America,,winter;spring;summer,833,,-1.62564822494116
"aviandietdb (Hurlbert et al. 2021, R pkg)",Accipiter striatus,Sharp-shinned Hawk,Accipitridae,Stomach,stomach contents,Aves,Passeriformes,Emberizidae,Zonotrichia,"","",0.015606242,Wt_or_Vol,130.6,28.04,North America,,winter;spring;summer,833,,-1.53850715467594
"aviandietdb (Hurlbert et al. 2021, R pkg)",Accipiter striatus,Sharp-shinned Hawk,Accipitridae,Stomach,stomach contents,Aves,Passeriformes,Fringillidae,Carpodacus,"","",0.014405762,Wt_or_Vol,130.6,29.1,North America,,winter;spring;summer,833,,-1.50140104266488
"aviandietdb (Hurlbert et al. 2021, R pkg)",Accipiter striatus,Sharp-shinned Hawk,Accipitridae,Stomach,stomach contents,Mammalia,Rodentia,Cricetidae,Peromyscus,"","",0.014405762,Wt_or_Vol,130.6,35.3439024390244,North America,,winter;spring;summer,833,,-1.30701333049476
"aviandietdb (Hurlbert et al. 2021, R pkg)",Geranoaetus albicaudatus,White-tailed Hawk,Accipitridae,Stomach,stomach contents,Aves,Galliformes,Odontophoridae,Colinus,Colinus virginianus,"",0.20375,Wt_or_Vol,885,171.9,Texas,1929,summer,,1,-1.63867473261913
"aviandietdb (Hurlbert et al. 2021, R pkg)",Haliaeetus albicilla,White-tailed Eagle,Accipitridae,Stomach,stomach contents,Aves,Anseriformes,Anatidae,Aythya,"","",1,Wt_or_Vol,4729.3,818.583333333333,Alaska,1923,spring,,1,-1.75395727510394
"aviandietdb (Hurlbert et al. 2021, R pkg)",Falco peregrinus,Peregrine Falcon,Falconidae,Stomach,stomach contents,Aves,Anseriformes,Anatidae,Anas,Anas acuta,"",0.1428571,Occurrence,760,944.6,Oregon;Alaska,,multiple,,7,0.217443124181639
"aviandietdb (Hurlbert et al. 2021, R pkg)",Falco peregrinus,Peregrine Falcon,Falconidae,Stomach,stomach contents,Aves,Charadriiformes,Alcidae,Fratercula,Fratercula cirrhata,"",0.1428571,Occurrence,760,774.4,Oregon;Alaska,,multiple,,7,0.01877010268199
"aviandietdb (Hurlbert et al. 2021, R pkg)",Falco peregrinus,Peregrine Falcon,Falconidae,Stomach,stomach contents,Aves,Charadriiformes,Alcidae,Fratercula,Fratercula cirrhata,"",0.1428571,Occurrence,760,774.4,Oregon;Alaska,,multiple,,7,0.01877010268199
"aviandietdb (Hurlbert et al. 2021, R pkg)",Falco sparverius,American Kestrel,Falconidae,Stomach,stomach contents,Aves,Passeriformes,Emberizidae,Ammodramus,Ammodramus savannarum,"",0.011111111,Items,114.6,17.6,Pennsylvania,1960,summer,90,23,-1.87354890223653
"aviandietdb (Hurlbert et al. 2021, R pkg)",Falco sparverius,American Kestrel,Falconidae,Stomach,stomach contents,Aves,Passeriformes,Icteridae,Sturnella,Sturnella magna,"",0.011111111,Items,114.6,91.8,Pennsylvania,1960,summer,90,23,-0.221835506654195
"aviandietdb (Hurlbert et al. 2021, R pkg)",Falco sparverius,American Kestrel,Falconidae,Stomach,stomach contents,Aves,Passeriformes,Icteridae,Quiscalus,Quiscalus quiscula,"",0.088888889,Items,114.6,105.2,Pennsylvania,1960,summer,90,23,-0.0855845039770298
"aviandietdb (Hurlbert et al. 2021, R pkg)",Falco sparverius,American Kestrel,Falconidae,Stomach,stomach contents,Aves,Passeriformes,Icteridae,Molothrus,Molothrus ater,"",0.033333333,Items,114.6,40.3,Pennsylvania,1960,summer,90,23,-1.045096335328
"aviandietdb (Hurlbert et al. 2021, R pkg)",Falco sparverius,American Kestrel,Falconidae,Stomach,stomach contents,Aves,Passeriformes,Cardinalidae,Cardinalis,Cardinalis cardinalis,"",0.011111111,Items,114.6,42.6,Pennsylvania,1960,summer,90,23,-0.989593551005314
"aviandietdb (Hurlbert et al. 2021, R pkg)",Falco sparverius,American Kestrel,Falconidae,Stomach,stomach contents,Aves,Passeriformes,Emberizidae,Ammodramus,Ammodramus savannarum,"",0.011111111,Items,114.6,17.6,Pennsylvania,1960,summer,90,23,-1.87354890223653
"aviandietdb (Hurlbert et al. 2021, R pkg)",Falco sparverius,American Kestrel,Falconidae,Stomach,stomach contents,Mammalia,Soricomorpha,Soricidae,Blarina,Blarina brevicauda,"",0.011111111,Items,114.6,18.4,Pennsylvania,1960,summer,90,23,-1.8290971396657
"aviandietdb (Hurlbert et al. 2021, R pkg)",Falco sparverius,American Kestrel,Falconidae,Stomach,stomach contents,Mammalia,Rodentia,Cricetidae,Microtus,Microtus pennsylvanicus,"",0.155555556,Items,114.6,42.5,Pennsylvania,1960,summer,90,23,-0.991943728350268
"aviandietdb (Hurlbert et al. 2021, R pkg)",Falco sparverius,American Kestrel,Falconidae,Stomach,stomach contents,Mammalia,Rodentia,Dipodidae,Zapus,Zapus hudsonius,"",0.022222222,Items,114.6,18.4,Pennsylvania,1960,summer,90,23,-1.8290971396657
"aviandietdb (Hurlbert et al. 2021, R pkg)",Buteo jamaicensis,Red-tailed Hawk,Accipitridae,Stomach,stomach contents,Mammalia,Lagomorpha,Leporidae,Sylvilagus,"","",0.444444444,Occurrence,1101.2,1397.54545454545,Iowa,1933,fall;winter,13,9,0.238316956845776
"aviandietdb (Hurlbert et al. 2021, R pkg)",Buteo jamaicensis,Red-tailed Hawk,Accipitridae,Stomach,stomach contents,Mammalia,Rodentia,Cricetidae,Microtus,"","",0.222222222,Occurrence,1101.2,41.4838709677419,Iowa,1933,fall;winter,13,9,-3.27885107295603
"aviandietdb (Hurlbert et al. 2021, R pkg)",Buteo jamaicensis,Red-tailed Hawk,Accipitridae,Stomach,stomach contents,Aves,Galliformes,Phasianidae,Gallus,"","",0.333333333,Occurrence,1101.2,814.2,Iowa,1933,fall;winter,13,9,-0.301949737199574
"aviandietdb (Hurlbert et al. 2021, R pkg)",Buteo jamaicensis,Red-tailed Hawk,Accipitridae,Stomach,stomach contents,Aves,Anseriformes,Anatidae,Anser,"","",0.111111111,Occurrence,1101.2,2509.42,Iowa,1933,fall;winter,13,9,0.823651156458063
"aviandietdb (Hurlbert et al. 2021, R pkg)",Buteo jamaicensis,Red-tailed Hawk,Accipitridae,Stomach,stomach contents,Mammalia,Lagomorpha,Leporidae,Sylvilagus,"","",0.227272727,Occurrence,1101.2,1397.54545454545,Minnesota;South Dakota,1932,fall;spring,48,44,0.238316956845776
"aviandietdb (Hurlbert et al. 2021, R pkg)",Buteo jamaicensis,Red-tailed Hawk,Accipitridae,Stomach,stomach contents,Mammalia,Rodentia,Cricetidae,Microtus,"","",0.159090909,Occurrence,1101.2,41.4838709677419,Minnesota;South Dakota,1932,fall;spring,48,44,-3.27885107295603
"aviandietdb (Hurlbert et al. 2021, R pkg)",Buteo jamaicensis,Red-tailed Hawk,Accipitridae,Stomach,stomach contents,Mammalia,Rodentia,Cricetidae,Peromyscus,"","",0.068181818,Occurrence,1101.2,35.3439024390244,Minnesota;South Dakota,1932,fall;spring,48,44,-3.43902988692088
"aviandietdb (Hurlbert et al. 2021, R pkg)",Buteo jamaicensis,Red-tailed Hawk,Accipitridae,Stomach,stomach contents,Mammalia,Rodentia,Cricetidae,Reithrodontomys,"","",0.022727273,Occurrence,1101.2,15.7382352941176,Minnesota;South Dakota,1932,fall;spring,48,44,-4.24806265256736
"aviandietdb (Hurlbert et al. 2021, R pkg)",Buteo jamaicensis,Red-tailed Hawk,Accipitridae,Stomach,stomach contents,Mammalia,Rodentia,Geomyidae,Geomys,"","",0.022727273,Occurrence,1101.2,261.6,Minnesota;South Dakota,1932,fall;spring,48,44,-1.43733915368541
"aviandietdb (Hurlbert et al. 2021, R pkg)",Buteo jamaicensis,Red-tailed Hawk,Accipitridae,Stomach,stomach contents,Mammalia,Soricomorpha,Soricidae,Blarina,"","",0.045454545,Occurrence,1101.2,14.8333333333333,Minnesota;South Dakota,1932,fall;spring,48,44,-4.30727887276437
"aviandietdb (Hurlbert et al. 2021, R pkg)",Buteo jamaicensis,Red-tailed Hawk,Accipitridae,Stomach,stomach contents,Aves,Galliformes,Phasianidae,Gallus,"","",0.090909091,Occurrence,1101.2,814.2,Minnesota;South Dakota,1932,fall;spring,48,44,-0.301949737199574
"aviandietdb (Hurlbert et al. 2021, R pkg)",Buteo jamaicensis,Red-tailed Hawk,Accipitridae,Stomach,stomach contents,Aves,Galliformes,Phasianidae,Phasianus,"","",0.272727273,Occurrence,1101.2,1019.55,Minnesota;South Dakota,1932,fall;spring,48,44,-0.0770391408076963
"aviandietdb (Hurlbert et al. 2021, R pkg)",Buteo jamaicensis,Red-tailed Hawk,Accipitridae,Stomach,stomach contents,Aves,Passeriformes,Emberizidae,Melospiza,"","",0.022727273,Occurrence,1101.2,18.2,Minnesota;South Dakota,1932,fall;spring,48,44,-4.1027341791857
"aviandietdb (Hurlbert et al. 2021, R pkg)",Buteo jamaicensis,Red-tailed Hawk,Accipitridae,Stomach,stomach contents,Aves,Columbiformes,Columbidae,Zenaida,"","",0.022727273,Occurrence,1101.2,150.042857142857,Minnesota;South Dakota,1932,fall;spring,48,44,-1.99323480569504
"aviandietdb (Hurlbert et al. 2021, R pkg)",Buteo lagopus,Rough-legged Hawk,Accipitridae,Stomach,stomach contents,Mammalia,Lagomorpha,Leporidae,Lepus,"","",0.012048193,Items,949.8,2580,Iowa,1932,multiple,83,23,0.999293241800641
"aviandietdb (Hurlbert et al. 2021, R pkg)",Buteo lagopus,Rough-legged Hawk,Accipitridae,Stomach,stomach contents,Mammalia,Lagomorpha,Leporidae,Sylvilagus,"",juvenile,0.036144578,Items,949.8,1397.54545454545,Iowa,1932,multiple,83,23,0.386221293999207
"aviandietdb (Hurlbert et al. 2021, R pkg)",Buteo lagopus,Rough-legged Hawk,Accipitridae,Stomach,stomach contents,Mammalia,Lagomorpha,Leporidae,Sylvilagus,"","",0.096385542,Items,949.8,1397.54545454545,Iowa,1932,multiple,83,23,0.386221293999207
"aviandietdb (Hurlbert et al. 2021, R pkg)",Buteo lagopus,Rough-legged Hawk,Accipitridae,Stomach,stomach contents,Mammalia,Rodentia,Muridae,Mus,"","",0.060240964,Items,949.8,12.5661538461538,Iowa,1932,multiple,83,23,-4.3252444391602
"aviandietdb (Hurlbert et al. 2021, R pkg)",Buteo lagopus,Rough-legged Hawk,Accipitridae,Stomach,stomach contents,Mammalia,Rodentia,Cricetidae,Microtus,"","",0.506024096,Items,949.8,41.4838709677419,Iowa,1932,multiple,83,23,-3.1309467358026
"aviandietdb (Hurlbert et al. 2021, R pkg)",Buteo lagopus,Rough-legged Hawk,Accipitridae,Stomach,stomach contents,Mammalia,Rodentia,Cricetidae,Peromyscus,"","",0.096385542,Items,949.8,35.3439024390244,Iowa,1932,multiple,83,23,-3.29112554976745
"aviandietdb (Hurlbert et al. 2021, R pkg)",Buteo lagopus,Rough-legged Hawk,Accipitridae,Stomach,stomach contents,Mammalia,Rodentia,Cricetidae,Microtus,"","",0.024096386,Items,949.8,41.4838709677419,Iowa,1932,multiple,83,23,-3.1309467358026
"aviandietdb (Hurlbert et al. 2021, R pkg)",Buteo lagopus,Rough-legged Hawk,Accipitridae,Stomach,stomach contents,Aves,Galliformes,Phasianidae,Gallus,"","",0.036144578,Items,949.8,814.2,Iowa,1932,multiple,83,23,-0.154045400046143
"aviandietdb (Hurlbert et al. 2021, R pkg)",Buteo lagopus,Rough-legged Hawk,Accipitridae,Stomach,stomach contents,Aves,Galliformes,Phasianidae,Phasianus,"","",0.084337349,Items,949.8,1019.55,Iowa,1932,multiple,83,23,0.0708651963457347
"aviandietdb (Hurlbert et al. 2021, R pkg)",Bubulcus ibis,Cattle Egret,Ardeidae,Stomach,stomach contents,Mammalia,Rodentia,Cricetidae,Sigmodon,Sigmodon hispidus,"",0.002,Occurrence,366,111,Florida,1969,summer,,410,-1.19310313208903
"aviandietdb (Hurlbert et al. 2021, R pkg)",Bubulcus ibis,Cattle Egret,Ardeidae,Stomach,stomach contents,Mammalia,Rodentia,Cricetidae,Sigmodon,Sigmodon hispidus,"",0.001,Wt_or_Vol,366,111,Florida,1969,summer,,410,-1.19310313208903
"aviandietdb (Hurlbert et al. 2021, R pkg)",Bubulcus ibis,Cattle Egret,Ardeidae,Stomach,stomach contents,Mammalia,Rodentia,Muridae,Mus,Mus musculus,"",0.001,Items,366,19.3,US Virgin Islands,1993,winter,,44,-2.94252823749053
"aviandietdb (Hurlbert et al. 2021, R pkg)",Bubulcus ibis,Cattle Egret,Ardeidae,Stomach,stomach contents,Mammalia,Rodentia,Muridae,Mus,Mus musculus,"",0.016,Wt_or_Vol,366,19.3,US Virgin Islands,1993,winter,,44,-2.94252823749053
"aviandietdb (Hurlbert et al. 2021, R pkg)",Bubulcus ibis,Cattle Egret,Ardeidae,Stomach,stomach contents,Mammalia,Rodentia,Muridae,Mus,Mus musculus,"",0.068,Occurrence,366,19.3,US Virgin Islands,1993,winter,,44,-2.94252823749053
"aviandietdb (Hurlbert et al. 2021, R pkg)",Coturnicops noveboracensis,Yellow Rail,Rallidae,Stomach,emetic,Aves,Passeriformes,Tyrannidae,Hirundinea,"","",0.001,Items,60.9,30.6,Quebec,1994,summer,1499,99,-0.688233165757516
"aviandietdb (Hurlbert et al. 2021, R pkg)",Coturnicops noveboracensis,Yellow Rail,Rallidae,Stomach,emetic,Aves,Passeriformes,Tyrannidae,Hirundinea,"","",0.01,Occurrence,60.9,30.6,Quebec,1994,summer,1499,99,-0.688233165757516
"aviandietdb (Hurlbert et al. 2021, R pkg)",Falco sparverius,American Kestrel,Falconidae,Stomach,stomach contents,Mammalia,Rodentia,Muridae,Mus,Mus musculus,"",0.0559,Wt_or_Vol,114.6,19.3,Puerto Rico,1912,multiple,,48,-1.7813427083698
"aviandietdb (Hurlbert et al. 2021, R pkg)",Falco sparverius,American Kestrel,Falconidae,Stomach,stomach contents,Mammalia,Rodentia,Muridae,Mus,Mus musculus,"",0.166666667,Occurrence,114.6,19.3,Puerto Rico,1912,multiple,,48,-1.7813427083698
"aviandietdb (Hurlbert et al. 2021, R pkg)",Phoebastria nigripes,Black-footed Albatross,Diomedeidae,Stomach,emetic,Aves,Procellariiformes,Procellariidae,Puffinus,"","",0.000385951,Items,3188.4,295.2,Hawaii,1978,multiple,2591,172,-2.37962140982745
"aviandietdb (Hurlbert et al. 2021, R pkg)",Phoebastria nigripes,Black-footed Albatross,Diomedeidae,Stomach,emetic,Aves,Procellariiformes,Procellariidae,Puffinus,Puffinus pacificus,"",0.000385951,Items,3188.4,295.2,Hawaii,1978,multiple,2591,172,-2.37962140982745
"aviandietdb (Hurlbert et al. 2021, R pkg)",Phoebastria nigripes,Black-footed Albatross,Diomedeidae,Stomach,emetic,Aves,Procellariiformes,Procellariidae,Pterodroma,Pterodroma hypoleuca,"",0.000385951,Items,3188.4,176,Hawaii,1978,multiple,2591,172,-2.89679050751562
"aviandietdb (Hurlbert et al. 2021, R pkg)",Phoebastria nigripes,Black-footed Albatross,Diomedeidae,Stomach,emetic,Aves,Procellariiformes,Procellariidae,Puffinus,"","",0.006,Occurrence,3188.4,295.2,Hawaii,1978,multiple,2591,172,-2.37962140982745
"aviandietdb (Hurlbert et al. 2021, R pkg)",Phoebastria nigripes,Black-footed Albatross,Diomedeidae,Stomach,emetic,Aves,Procellariiformes,Procellariidae,Puffinus,Puffinus pacificus,"",0.006,Occurrence,3188.4,295.2,Hawaii,1978,multiple,2591,172,-2.37962140982745
"aviandietdb (Hurlbert et al. 2021, R pkg)",Phoebastria nigripes,Black-footed Albatross,Diomedeidae,Stomach,emetic,Aves,Procellariiformes,Procellariidae,Pterodroma,Pterodroma hypoleuca,"",0.006,Occurrence,3188.4,176,Hawaii,1978,multiple,2591,172,-2.89679050751562
"aviandietdb (Hurlbert et al. 2021, R pkg)",Phoebastria nigripes,Black-footed Albatross,Diomedeidae,Stomach,emetic,Aves,Procellariiformes,Procellariidae,Puffinus,"","",0.001,Wt_or_Vol,3188.4,295.2,Hawaii,1978,multiple,2591,172,-2.37962140982745
"aviandietdb (Hurlbert et al. 2021, R pkg)",Phoebastria nigripes,Black-footed Albatross,Diomedeidae,Stomach,emetic,Aves,Procellariiformes,Procellariidae,Puffinus,Puffinus pacificus,"",0.002,Wt_or_Vol,3188.4,295.2,Hawaii,1978,multiple,2591,172,-2.37962140982745
"aviandietdb (Hurlbert et al. 2021, R pkg)",Phoebastria nigripes,Black-footed Albatross,Diomedeidae,Stomach,emetic,Aves,Procellariiformes,Procellariidae,Pterodroma,Pterodroma hypoleuca,"",0.001,Wt_or_Vol,3188.4,176,Hawaii,1978,multiple,2591,172,-2.89679050751562
"aviandietdb (Hurlbert et al. 2021, R pkg)",Fregata minor,Great Frigatebird,Fregatidae,Stomach,emetic,Aves,Charadriiformes,Laridae,Onychoprion,Onychoprion fuscatus,"",0.001571092,Items,1274.7,185.7,Hawaii,1978,multiple,1273,284,-1.92633366743022
"aviandietdb (Hurlbert et al. 2021, R pkg)",Fregata minor,Great Frigatebird,Fregatidae,Stomach,emetic,Aves,Charadriiformes,Laridae,Onychoprion,Onychoprion fuscatus,"",0.007,Occurrence,1274.7,185.7,Hawaii,1978,multiple,1273,284,-1.92633366743022
"aviandietdb (Hurlbert et al. 2021, R pkg)",Fregata minor,Great Frigatebird,Fregatidae,Stomach,emetic,Aves,Charadriiformes,Laridae,Onychoprion,Onychoprion fuscatus,"",0.007,Wt_or_Vol,1274.7,185.7,Hawaii,1978,multiple,1273,284,-1.92633366743022
"aviandietdb (Hurlbert et al. 2021, R pkg)",Bubulcus ibis,Cattle Egret,Ardeidae,Stomach,stomach contents; pellet contents,Aves,Passeriformes,Ploceidae,Quelea,"","",0.006,Occurrence,366,16.8666666666667,South Africa,1993,"",,330,-3.07729404577606
"aviandietdb (Hurlbert et al. 2021, R pkg)",Bubulcus ibis,Cattle Egret,Ardeidae,Stomach,stomach contents; pellet contents,Mammalia,Rodentia,Muridae,Rhabdomys,Rhabdomys pumilio,"",0.021,Occurrence,366,40.7,South Africa,1993,"",,330,-2.19640524095282
"aviandietdb (Hurlbert et al. 2021, R pkg)",Bubulcus ibis,Cattle Egret,Ardeidae,Stomach,stomach contents; pellet contents,Mammalia,Soricomorpha,Soricidae,Suncus,"","",0.009,Occurrence,366,9.28125,South Africa,1993,"",,330,-3.67463709739839
"aviandietdb (Hurlbert et al. 2021, R pkg)",Bubulcus ibis,Cattle Egret,Ardeidae,Stomach,stomach contents; pellet contents,Aves,Passeriformes,Ploceidae,Quelea,"","",0.007,Wt_or_Vol,366,16.8666666666667,South Africa,1993,"",,330,-3.07729404577606
"aviandietdb (Hurlbert et al. 2021, R pkg)",Bubulcus ibis,Cattle Egret,Ardeidae,Stomach,stomach contents; pellet contents,Mammalia,Rodentia,Muridae,Rhabdomys,Rhabdomys pumilio,"",0.038,Wt_or_Vol,366,40.7,South Africa,1993,"",,330,-2.19640524095282
"aviandietdb (Hurlbert et al. 2021, R pkg)",Bubulcus ibis,Cattle Egret,Ardeidae,Stomach,stomach contents; pellet contents,Mammalia,Soricomorpha,Soricidae,Suncus,"","",0.003,Wt_or_Vol,366,9.28125,South Africa,1993,"",,330,-3.67463709739839
"aviandietdb (Hurlbert et al. 2021, R pkg)",Bubulcus ibis,Cattle Egret,Ardeidae,Stomach,stomach contents; pellet contents,Mammalia,Rodentia,Muridae,Rhabdomys,Rhabdomys pumilio,"",0.03,Occurrence,366,40.7,South Africa,1993,"",,119,-2.19640524095282
"aviandietdb (Hurlbert et al. 2021, R pkg)",Bubulcus ibis,Cattle Egret,Ardeidae,Stomach,stomach contents; pellet contents,Mammalia,Rodentia,Muridae,Rhabdomys,Rhabdomys pumilio,"",0.072,Wt_or_Vol,366,40.7,South Africa,1993,"",,119,-2.19640524095282
"aviandietdb (Hurlbert et al. 2021, R pkg)",Pelecanus occidentalis,Brown Pelican,Pelecanidae,Stomach,emetic,Aves,Galliformes,Phasianidae,Gallus,"","",5e-04,Wt_or_Vol,3427.8,814.2,Texas;Louisiana;Mississippi;Alabama;Florida,2013,spring;summer,,641,-1.43746789888959
"aviandietdb (Hurlbert et al. 2021, R pkg)",Bubulcus ibis,Cattle Egret,Ardeidae,Stomach,emetic,Mammalia,Rodentia,Muridae,Mus,Mus musculus,"",0.014,Items,366,19.3,Australia,1981,spring;summer,418,,-2.94252823749053
"aviandietdb (Hurlbert et al. 2021, R pkg)",Bubulcus ibis,Cattle Egret,Ardeidae,Stomach,emetic,Mammalia,Rodentia,Muridae,Mus,Mus musculus,"",0.001,Items,366,19.3,Australia,1983,summer,764,66,-2.94252823749053
"aviandietdb (Hurlbert et al. 2021, R pkg)",Bubulcus ibis,Cattle Egret,Ardeidae,Stomach,emetic,Mammalia,Rodentia,Muridae,Mus,Mus musculus,"",0.041,Wt_or_Vol,366,19.3,Australia,1983,summer,764,66,-2.94252823749053
"aviandietdb (Hurlbert et al. 2021, R pkg)",Strix nebulosa,Great Gray Owl,Strigidae,Stomach,stomach contents,Mammalia,Soricomorpha,Soricidae,Sorex,Sorex araneus,"",0.376,Occurrence,1061.9,8.83,Finland;Sweden;Norway,1955,"",96,27,-4.78966002079393
"aviandietdb (Hurlbert et al. 2021, R pkg)",Strix nebulosa,Great Gray Owl,Strigidae,Stomach,stomach contents,Mammalia,Soricomorpha,Soricidae,Sorex,Sorex isodon,"",0.01,Occurrence,1061.9,12,Finland;Sweden;Norway,1955,"",96,27,-4.4829083856218
"aviandietdb (Hurlbert et al. 2021, R pkg)",Strix nebulosa,Great Gray Owl,Strigidae,Stomach,stomach contents,Mammalia,Soricomorpha,Soricidae,Sorex,Sorex minutus,"",0.031,Occurrence,1061.9,4.14,Finland;Sweden;Norway,1955,"",96,27,-5.54711924757258
"aviandietdb (Hurlbert et al. 2021, R pkg)",Strix nebulosa,Great Gray Owl,Strigidae,Stomach,stomach contents,Mammalia,Soricomorpha,Soricidae,Sorex,Sorex minutissimus,"",0.01,Occurrence,1061.9,2.41,Finland;Sweden;Norway,1955,"",96,27,-6.08818828790724
"aviandietdb (Hurlbert et al. 2021, R pkg)",Strix nebulosa,Great Gray Owl,Strigidae,Stomach,stomach contents,Mammalia,Rodentia,Cricetidae,Microtus,Microtus agrestis,"",0.345,Occurrence,1061.9,35.9,Finland;Sweden;Norway,1955,"",96,27,-3.38707773991557
"aviandietdb (Hurlbert et al. 2021, R pkg)",Strix nebulosa,Great Gray Owl,Strigidae,Stomach,stomach contents,Mammalia,Rodentia,Cricetidae,Microtus,Microtus oeconomus,"",0.042,Occurrence,1061.9,33.1,Finland;Sweden;Norway,1955,"",96,27,-3.46828175302678
"aviandietdb (Hurlbert et al. 2021, R pkg)",Strix nebulosa,Great Gray Owl,Strigidae,Stomach,stomach contents,Mammalia,Rodentia,Cricetidae,Microtus,"","",0.031,Occurrence,1061.9,41.4838709677419,Finland;Sweden;Norway,1955,"",96,27,-3.24251033509738
"aviandietdb (Hurlbert et al. 2021, R pkg)",Strix nebulosa,Great Gray Owl,Strigidae,Stomach,stomach contents,Mammalia,Rodentia,Cricetidae,Myopus,Myopus schisticolor,"",0.01,Occurrence,1061.9,30,Finland;Sweden;Norway,1955,"",96,27,-3.56661765374765
"aviandietdb (Hurlbert et al. 2021, R pkg)",Strix nebulosa,Great Gray Owl,Strigidae,Stomach,stomach contents,Mammalia,Rodentia,Cricetidae,Arvicola,Arvicola amphibius,"",0.01,Occurrence,1061.9,170,Finland;Sweden;Norway,1955,"",96,27,-1.83201659835954
"aviandietdb (Hurlbert et al. 2021, R pkg)",Strix nebulosa,Great Gray Owl,Strigidae,Stomach,stomach contents,Aves,Galliformes,Phasianidae,Lagopus,Lagopus lagopus,"",0.01,Occurrence,1061.9,566.9,Finland;Sweden;Norway,1955,"",96,27,-0.627632114079542
"aviandietdb (Hurlbert et al. 2021, R pkg)",Megascops nudipes,Puerto Rican Screech-Owl,Strigidae,Stomach,stomach contents,Aves,Passeriformes,Parulidae,Setophaga,Setophaga ruticilla,"",0.2,Occurrence,137.3,8.2,Puerto Rico,1911,multiple,,5,-2.81803415850372
"aviandietdb (Hurlbert et al. 2021, R pkg)",Megascops nudipes,Puerto Rican Screech-Owl,Strigidae,Stomach,stomach contents,Aves,Passeriformes,Thraupidae,Tiaris,Tiaris bicolor,"",0.2,Occurrence,137.3,8.5,Puerto Rico,1911,multiple,,5,-2.78210214927765
"aviandietdb (Hurlbert et al. 2021, R pkg)",Fulmarus glacialis,Northern Fulmar,Procellariidae,Stomach,stomach contents,Mammalia,Cetacea,Pontoporiidae,Pontoporia,"","",0.14,Occurrence,611.9,40500,Northern Bering Sea,1985,"",,7,4.19248838262614
"aviandietdb (Hurlbert et al. 2021, R pkg)",Uria lomvia,Thick-billed Murre,Alcidae,Stomach,stomach contents,Mammalia,Cetacea,Pontoporiidae,Pontoporia,"","",0.14,Occurrence,964,40500,Northern Bering Sea,1985,"",,7,3.73796595848408
