"source_file","dataset","species","clade","habitat","obs_type","pred_mass_g","prey_mass_g","ppmr_ln","predmass_ln","prey_sources","pred_sources"
"TuckerDatabaseJEB.xlsx","Tucker_et_al_2016_JEB","Arctocephalus_gazella","Mammalia","marine","compiled_literature_mean",34003.3,15.94,-7.665,10.434,"Ciaputa et al. 2006","Staniland et al. 2010"
"TuckerDatabaseJEB.xlsx","Tucker_et_al_2016_JEB","Arctocephalus_tropicalis","Mammalia","marine","compiled_literature_mean",33125,46.02,-6.579,10.408,"Ciaputa et al. 2006, Robinson et al. 2002","DeBruyn et al. 2009"
"TuckerDatabaseJEB.xlsx","Tucker_et_al_2016_JEB","Balaena_mysticetus","Mammalia","marine","compiled_literature_mean",31074990.2,0.13,-19.289,17.252,"Pomerleau et al. 2011","Heide-Jorgensen et al. 2007"
"TuckerDatabaseJEB.xlsx","Tucker_et_al_2016_JEB","Balaenoptera_acutorostrata","Mammalia","marine","compiled_literature_mean",5587093.6,0.101,-17.829,15.536,"Smout et al. 2007, Weslawski et al. 2006","Jones et al. 2009"
"TuckerDatabaseJEB.xlsx","Tucker_et_al_2016_JEB","Balaenoptera_borealis","Mammalia","marine","compiled_literature_mean",22106252,0.018,-20.954,16.911,"Weslawski et al. 2006, Kenney et al. 1997","Jones et al. 2009"
"TuckerDatabaseJEB.xlsx","Tucker_et_al_2016_JEB","Balaenoptera_edeni","Mammalia","marine","compiled_literature_mean",2e+07,215.45,-11.439,16.811,"Froese & Pauly 2011, Hart et al. 1973, Tershy 1992, Weslawski et al. 2006","Jones et al. 2009"
"TuckerDatabaseJEB.xlsx","Tucker_et_al_2016_JEB","Balaenoptera_musculus","Mammalia","marine","compiled_literature_mean",154321304.5,0.497,-19.554,18.855,"Mizdalski 1988, Fiedler 1998","Jones et al. 2009"
"TuckerDatabaseJEB.xlsx","Tucker_et_al_2016_JEB","Balaenoptera_physalus","Mammalia","marine","compiled_literature_mean",47506008.2,0.084,-20.156,17.676,"Tershey et al. 1973, Weslawski et al. 2006","Jones et al. 2009"
"TuckerDatabaseJEB.xlsx","Tucker_et_al_2016_JEB","Berardius_arnuxii","Mammalia","marine","compiled_literature_mean",7e+06,669.25,-9.255,15.761,"Jefferson et al. 1993, Culik 2010","Jones et al. 2009"
"TuckerDatabaseJEB.xlsx","Tucker_et_al_2016_JEB","Berardius_bairdii","Mammalia","marine","compiled_literature_mean",11380000,669.25,-9.741,16.247,"Walker et al. 2002","Jones et al. 2009"
"TuckerDatabaseJEB.xlsx","Tucker_et_al_2016_JEB","Callorhinus_ursinus","Mammalia","marine","compiled_literature_mean",55464.8,282.406,-5.28,10.924,"Kurle et al. 2001","Jones et al. 2009"
"TuckerDatabaseJEB.xlsx","Tucker_et_al_2016_JEB","Caperea_marginata","Mammalia","marine","compiled_literature_mean",3.2e+07,0.008,-22.152,17.281,"Mizdalski 1988, Jefferson 1993","Jones et al. 2009"
"TuckerDatabaseJEB.xlsx","Tucker_et_al_2016_JEB","Cephalorhynchus_commersonii","Mammalia","marine","compiled_literature_mean",72400,278.363,-5.561,11.19,"Clarke et al. 1994","Jones et al. 2009"
"TuckerDatabaseJEB.xlsx","Tucker_et_al_2016_JEB","Cephalorhynchus_heavisidii","Mammalia","marine","compiled_literature_mean",75000,475.828,-5.06,11.225,"Elwin et al. 2006, Eder et al. 2005","Elwin et al. 2006"
"TuckerDatabaseJEB.xlsx","Tucker_et_al_2016_JEB","Cephalorhynchus_hectori","Mammalia","marine","compiled_literature_mean",50000,731.5,-4.225,10.82,"Meynier et al. 2009, Wilcox et al. 2001","Jones et al. 2009"
"TuckerDatabaseJEB.xlsx","Tucker_et_al_2016_JEB","Cystophora_cristata","Mammalia","marine","compiled_literature_mean",367000,0.127,-14.877,12.813,"Vilhjamsson 2002, Hammil 2000","Bajzak et al. 2009"
"TuckerDatabaseJEB.xlsx","Tucker_et_al_2016_JEB","Delphinapterus_leucas","Mammalia","marine","compiled_literature_mean",14999991.1,0.119,-18.652,16.524,"Dahl et al. 2000, Weslawski et al. 2006","Hobbs et al. 2005"
"TuckerDatabaseJEB.xlsx","Tucker_et_al_2016_JEB","Delphinus_delphis","Mammalia","marine","compiled_literature_mean",79271.7,339,-5.455,11.281,"Eder et al. 2005, Romero et al. 2012,","Jones et al. 2009"
"TuckerDatabaseJEB.xlsx","Tucker_et_al_2016_JEB","Enhydra_lutris","Mammalia","marine","compiled_literature_mean",27500,185.935,-4.997,10.222,"Wolt et al. 2012, Kvitek et al. 1992, Mc Mahon 1979, Menge 1979,","Ralls et al. 1996"
"TuckerDatabaseJEB.xlsx","Tucker_et_al_2016_JEB","Erignathus_barbatus","Mammalia","marine","compiled_literature_mean",280000,0.216,-14.075,12.543,"Weslawski et al. 2006, Hjelset et al. 1990","Jones et al. 2009"
"TuckerDatabaseJEB.xlsx","Tucker_et_al_2016_JEB","Eschrichtius_robustus","Mammalia","marine","compiled_literature_mean",17285000,0.001,-23.617,16.665,"Pritchard et al. 1979, Weslawski et al. 2006, Dunham et al. 2002, Griffen et al. 2004","Lockyer 1976"
"TuckerDatabaseJEB.xlsx","Tucker_et_al_2016_JEB","Eubalaena_glacialis","Mammalia","marine","compiled_literature_mean",4e+07,0,-26.843,17.504,"Baumgartner et al. 2005, Weslawski et al. 2006, Mayo et al. 1990","Kenney 1986"
"TuckerDatabaseJEB.xlsx","Tucker_et_al_2016_JEB","Eumetopias_jubatus","Mammalia","marine","compiled_literature_mean",2730002.2,219.801,-9.427,14.82,"Kurle et al. 2001, Sinclair et al. 2002, Van Pelt et al. 1997, Smith et al. 1988","Merrick et al.  1997"
"TuckerDatabaseJEB.xlsx","Tucker_et_al_2016_JEB","Feresa_attenuata","Mammalia","marine","compiled_literature_mean",170000,230.3,-6.604,12.044,"Zerbini et al. 1997, Santos et al. 1997,","Stuart & Stuart 2001"
"TuckerDatabaseJEB.xlsx","Tucker_et_al_2016_JEB","Globicephala_melas","Mammalia","marine","compiled_literature_mean",1249000,196.6,-8.757,14.038,"Clarke et al. 1994","Heide jorgenson  2002"
"TuckerDatabaseJEB.xlsx","Tucker_et_al_2016_JEB","Halichoerus_grypus","Mammalia","marine","compiled_literature_mean",83270.1,10133.333,-2.106,11.33,"Hammill et al. 2000,  Weslawski et al. 2006, Vihjlmsson et al. 2002, Van Pelt et al. 1997","Sjoberg and Ball 2000"
"TuckerDatabaseJEB.xlsx","Tucker_et_al_2016_JEB","Hydrurga_leptonyx","Mammalia","marine","compiled_literature_mean",343170,51394.4,-1.899,12.746,"Hall Apsland et al. 2004, Mizdalski 1988, Adam 2005","Rogers et al."
"TuckerDatabaseJEB.xlsx","Tucker_et_al_2016_JEB","Hyperoodon_ampullatus","Mammalia","marine","compiled_literature_mean",6700000,96.804,-11.145,15.718,"Ainley et al. 2004","Noren 2000"
"TuckerDatabaseJEB.xlsx","Tucker_et_al_2016_JEB","Kogia_breviceps","Mammalia","marine","compiled_literature_mean",363000,195.62,-7.526,12.802,"West et al. 2009","Noren 2000"
"TuckerDatabaseJEB.xlsx","Tucker_et_al_2016_JEB","Lagenorhynchus_obliquidens","Mammalia","marine","compiled_literature_mean",120000,99.225,-7.098,11.695,"Morton et al. 2000, Vilhjamsson 2002, Kurle et al. 2001","Noren 2000"
"TuckerDatabaseJEB.xlsx","Tucker_et_al_2016_JEB","Leptonychotes_weddellii","Mammalia","marine","compiled_literature_mean",412500,142.59,-7.97,12.93,"Casaux et al. 2008, O'Droscoll et al. 2011, Kock et al. 2008, Artigues et al. 2003","Bornemann et al. 2003"
"TuckerDatabaseJEB.xlsx","Tucker_et_al_2016_JEB","Lissodelphis_borealis","Mammalia","marine","compiled_literature_mean",115000,48.842,-7.764,11.653,"Jefferson et al. 1993, Clarke et al. 1994, Watanabe et al. 1999","Noren 2000"
"TuckerDatabaseJEB.xlsx","Tucker_et_al_2016_JEB","Lobodon_carcinophaga","Mammalia","marine","compiled_literature_mean",250000,15.314,-9.7,12.429,"Artigues et al. 2003, Huckstadt et al. 2012, Mizdalski 1988","Bornemann et al. 2005, Southwell 2003"
"TuckerDatabaseJEB.xlsx","Tucker_et_al_2016_JEB","Lontra_canadensis","Mammalia","marine","compiled_literature_mean",9400,98.335,-4.56,9.148,"Reid et al. 1994, Noguchi et al. 1991, Palace et al. 2001","Blundell et al. 2000"
"TuckerDatabaseJEB.xlsx","Tucker_et_al_2016_JEB","Megaptera_novaeangliae","Mammalia","marine","compiled_literature_mean",32977140.9,0.501,-18.002,17.311,"Friedlaender  et al. 2008, Mizdalski 1988","Dall Rosa et al. 2008"
"TuckerDatabaseJEB.xlsx","Tucker_et_al_2016_JEB","Mesoplodon_carlhubbsi","Mammalia","marine","compiled_literature_mean",1500000,185.333,-8.999,14.221,"Clarke et al. 1998, Clarke et al. 1994, MacLeod et al. 2003","Jefferson 2008"
"TuckerDatabaseJEB.xlsx","Tucker_et_al_2016_JEB","Mesoplodon_densirostris","Mammalia","marine","compiled_literature_mean",1e+06,169.997,-8.68,13.816,"Clarke et al. 1994, MacLeod et al. 2003,  Belman et al. 1976, Ruiz-Capilla et al. 2001","Jefferson 2008"
"TuckerDatabaseJEB.xlsx","Tucker_et_al_2016_JEB","Mesoplodon_layardii","Mammalia","marine","compiled_literature_mean",1300000,178.239,-8.895,14.078,"MacLeod et al. 2003","Jefferson 2008"
"TuckerDatabaseJEB.xlsx","Tucker_et_al_2016_JEB","Mesoplodon_mirus","Mammalia","marine","compiled_literature_mean",1400000,15,-11.444,14.152,"McLeod et al. 2003, Clarke et al. 1994","Reidenberg & Laitman 2009"
"TuckerDatabaseJEB.xlsx","Tucker_et_al_2016_JEB","Mirounga_angustirostris","Mammalia","marine","compiled_literature_mean",1212000,163.259,-8.912,14.008,"Clarke et al. 1994, Eder et al. 2005, Seibel et al. 1997, Glaser 2010, Antonelis et al. 1987, Condit et al. 1984","LeBoeuf et al. 2000"
"TuckerDatabaseJEB.xlsx","Tucker_et_al_2016_JEB","Mirounga_leonina","Mammalia","marine","compiled_literature_mean",1520000,779.598,-7.575,14.234,"Glaser 2010, Artigues et al. 2003, Ainley et al. 2008, Cherel et al. 2004, Slip 1995","Bornemann et al. 2003"
"TuckerDatabaseJEB.xlsx","Tucker_et_al_2016_JEB","Monodon_monoceros","Mammalia","marine","compiled_literature_mean",1299998.9,141.607,-9.125,14.078,"Zumholz et al. 2007, Finley et al. 1982, Van Pelt et al. 1997, Koie et al. 2008","Dietz et al. 2008"
"TuckerDatabaseJEB.xlsx","Tucker_et_al_2016_JEB","Ommatophoca_rossii","Mammalia","marine","compiled_literature_mean",2e+05,297.833,-6.51,12.206,"Skinner et al. 1994","Southwell et al. 2005"
"TuckerDatabaseJEB.xlsx","Tucker_et_al_2016_JEB","Orcinus_orca","Mammalia","marine","compiled_literature_mean",5649994,9053134.567,0.471,15.547,"Artigues et al. 2003, Pitman et al. 2003, Ford et al. 1998, Bornemann et al. 2005,  Southwell 2003,  Jones et al. 2009","Andrews et al. 2008"
"TuckerDatabaseJEB.xlsx","Tucker_et_al_2016_JEB","Otaria_flavescens","Mammalia","marine","compiled_literature_mean",235000,207.567,-7.032,12.367,"Thompson et al. 1998, Eder et al. 2005, Clarke et al. 1994, Clausen et al. 2003","Campagna et al. 2001"
"TuckerDatabaseJEB.xlsx","Tucker_et_al_2016_JEB","Phoca_vitulina","Mammalia","marine","compiled_literature_mean",31500,0.127,-12.421,10.358,"Vilhjamsson 2002, Weslawski 2006","Smith et al. 2006"
"TuckerDatabaseJEB.xlsx","Tucker_et_al_2016_JEB","Phocarctos_hookeri","Mammalia","marine","compiled_literature_mean",128000,1271.54,-4.612,11.76,"Maynier et al. 2009","Auge et al. 2011"
"TuckerDatabaseJEB.xlsx","Tucker_et_al_2016_JEB","Phocoena_phocoena","Mammalia","marine","compiled_literature_mean",55000,86.5,-6.455,10.915,"Santos et al. 2004, Andersen & Beyer 2005, Julshamn et al. 2004","Johnston et al.  2005"
"TuckerDatabaseJEB.xlsx","Tucker_et_al_2016_JEB","Physeter_catodon","Mammalia","marine","compiled_literature_mean",26773230.1,828.25,-10.384,17.103,"Gaskin et al. 1967","Lockyer 1976"
"TuckerDatabaseJEB.xlsx","Tucker_et_al_2016_JEB","Pontoporia_blainvillei","Mammalia","marine","compiled_literature_mean",29700,82.881,-5.881,10.299,"Naya et al. 2002, Rodriguez et al. 2002, Amado et al. 2006, Santos et al. 1998, Bolasina 2006","Danilewicz et al. 2002"
"TuckerDatabaseJEB.xlsx","Tucker_et_al_2016_JEB","Sotalia_fluviatilis","Mammalia","marine","compiled_literature_mean",55000,131.967,-6.033,10.915,"Naya et al. 2002,Godoy et al. 2002, Borobia et al. 1989, Lapa-Guimaraes et al. 2005","Flores et al. 2004"
"TuckerDatabaseJEB.xlsx","Tucker_et_al_2016_JEB","Sotalia_guianensis","Mammalia","marine","compiled_literature_mean",80000,300.275,-5.585,11.29,"Godoy et al. 2002, Lapa-Guimares et al. 2005, Di Beneditto et al. 2007","Oshima et al. 2010"
"TuckerDatabaseJEB.xlsx","Tucker_et_al_2016_JEB","Tursiops_truncatus","Mammalia","marine","compiled_literature_mean",360000,1668.593,-5.374,12.794,"Santos et al. 2001, Skog et al. 2003, Kjesbu et al. 1989, Anderson et al. 2005","Gubbins et al. 2002"
"TuckerDatabaseJEB.xlsx","Tucker_et_al_2016_JEB","Ursus_maritimus","Mammalia","marine","compiled_literature_mean",256000,127500,-0.697,12.453,"Carbone et al. 2007","Ferguson et al. 1999"
"TuckerDatabaseJEB.xlsx","Tucker_et_al_2016_JEB","Zalophus_californianus","Mammalia","marine","compiled_literature_mean",84600,379.444,-5.407,11.346,"Lowry et al. 1991, Hunter et al. 1980, Williamson et al. 1984, Quitral et al. 2009","Kuhn 2006"
"TuckerDatabaseJEB.xlsx","Tucker_et_al_2016_JEB","Ziphius_cavirostris","Mammalia","marine","compiled_literature_mean",2953000,91.2,-10.385,14.898,"Santos et al. 2001, Pusineri et al. 2007, Xavier et al. 2002","Noren 2000"
"TuckerDatabaseJEB.xlsx","Tucker_et_al_2016_JEB","Acinonyx_jubatus","Mammalia","terrestrial","compiled_literature_mean",50000,33750,-0.393,10.82,"Carbone et al. 2007","Kelt and VanVuren 2001"
"TuckerDatabaseJEB.xlsx","Tucker_et_al_2016_JEB","Bassariscus_sumichrasti","Mammalia","terrestrial","compiled_literature_mean",750,30,-3.219,6.62,"Carbone et al. 2007","Kelt and VanVuren 2001"
"TuckerDatabaseJEB.xlsx","Tucker_et_al_2016_JEB","Canis_adustus","Mammalia","terrestrial","compiled_literature_mean",8560,780,-2.396,9.055,"Carbone et al. 2007","Kelt and VanVuren 2001"
"TuckerDatabaseJEB.xlsx","Tucker_et_al_2016_JEB","Canis_aureus","Mammalia","terrestrial","compiled_literature_mean",9880,170,-4.062,9.198,"Carbone et al. 2007","Kelt and VanVuren 2001"
"TuckerDatabaseJEB.xlsx","Tucker_et_al_2016_JEB","Canis_latrans","Mammalia","terrestrial","compiled_literature_mean",13420,41060,1.118,9.505,"Carbone et al. 2007","Kelt and VanVuren 2001"
"TuckerDatabaseJEB.xlsx","Tucker_et_al_2016_JEB","Canis_lupus","Mammalia","terrestrial","compiled_literature_mean",35240,81330,0.836,10.47,"Carbone et al. 2007","Kelt and VanVuren 2001"
"TuckerDatabaseJEB.xlsx","Tucker_et_al_2016_JEB","Canis_simensis","Mammalia","terrestrial","compiled_literature_mean",14500,190,-4.335,9.582,"Carbone et al. 2007","Kelt and VanVuren 2001"
"TuckerDatabaseJEB.xlsx","Tucker_et_al_2016_JEB","Caracal_caracal","Mammalia","terrestrial","compiled_literature_mean",11100,16500,0.396,9.315,"Carbone et al. 2007","Kelt and VanVuren 2001"
"TuckerDatabaseJEB.xlsx","Tucker_et_al_2016_JEB","Cerdocyon_thous","Mammalia","terrestrial","compiled_literature_mean",5750,111.667,-3.941,8.657,"Carbone et al. 2007","Kelt and VanVuren 2001"
"TuckerDatabaseJEB.xlsx","Tucker_et_al_2016_JEB","Crocuta_crocuta","Mammalia","terrestrial","compiled_literature_mean",64950,107330,0.502,11.081,"Carbone 2007","Kelt and VanVuren 2001"
"TuckerDatabaseJEB.xlsx","Tucker_et_al_2016_JEB","Eira_barbara","Mammalia","terrestrial","compiled_literature_mean",4470,3712.5,-0.186,8.405,"McNab 1995, Milton et al. 1976","Kelt and VanVuren 2001"
"TuckerDatabaseJEB.xlsx","Tucker_et_al_2016_JEB","Felis_catus","Mammalia","terrestrial","compiled_literature_mean",3388.4,60,-4.034,8.128,"Kutt 2012","Kelt and VanVuren 2001"
"TuckerDatabaseJEB.xlsx","Tucker_et_al_2016_JEB","Felis_chaus","Mammalia","terrestrial","compiled_literature_mean",6560,930,-1.954,8.789,"Carbone et al. 2007","Kelt and VanVuren 2001"
"TuckerDatabaseJEB.xlsx","Tucker_et_al_2016_JEB","Genetta_tigrina","Mammalia","terrestrial","compiled_literature_mean",2138,1635.667,-0.268,7.668,"Ray et al. 2001","Kelt and VanVuren 2001"
"TuckerDatabaseJEB.xlsx","Tucker_et_al_2016_JEB","Gulo_gulo","Mammalia","terrestrial","compiled_literature_mean",21379.6,85875,1.39,9.97,"Reimers et al. 1983, Christiansen 2006, Kelt and VanVuren 2001","Kelt and VanVuren 2001"
"TuckerDatabaseJEB.xlsx","Tucker_et_al_2016_JEB","Leopardus_pardalis","Mammalia","terrestrial","compiled_literature_mean",9989.6,1820,-1.703,9.209,"Carbone 2007","Kelt and VanVuren 2001"
"TuckerDatabaseJEB.xlsx","Tucker_et_al_2016_JEB","Leopardus_wiedii","Mammalia","terrestrial","compiled_literature_mean",3630.8,1820,-0.691,8.197,"Wang 2002","Kelt and VanVuren 2001"
"TuckerDatabaseJEB.xlsx","Tucker_et_al_2016_JEB","Leptailurus_serval","Mammalia","terrestrial","compiled_literature_mean",10590,50,-5.356,9.268,"Carbone et al. 2007","Kelt and VanVuren 2001"
"TuckerDatabaseJEB.xlsx","Tucker_et_al_2016_JEB","Lycaon_pictus","Mammalia","terrestrial","compiled_literature_mean",25000,33750,0.3,10.127,"Carbone et al. 2007","Kelt and VanVuren 2001"
"TuckerDatabaseJEB.xlsx","Tucker_et_al_2016_JEB","Lynx_canadensis","Mammalia","terrestrial","compiled_literature_mean",9380,1400,-1.902,9.146,"Carbone et al. 2007","Kelt and VanVuren 2001"
"TuckerDatabaseJEB.xlsx","Tucker_et_al_2016_JEB","Lynx_lynx","Mammalia","terrestrial","compiled_literature_mean",25000,20000,-0.223,10.127,"Carbone et al. 2007","Kelt and VanVuren 2001"
"TuckerDatabaseJEB.xlsx","Tucker_et_al_2016_JEB","Lynx_pardinus","Mammalia","terrestrial","compiled_literature_mean",10964.8,1500,-1.989,9.302,"Carbone et al. 2007","Kelt and VanVuren 2001"
"TuckerDatabaseJEB.xlsx","Tucker_et_al_2016_JEB","Lynx_rufus","Mammalia","terrestrial","compiled_literature_mean",11220.2,663.608,-2.828,9.325,"Swihart 1986, Djawden et al. 1988","Kelt and VanVuren 2001"
"TuckerDatabaseJEB.xlsx","Tucker_et_al_2016_JEB","Martes_foina","Mammalia","terrestrial","compiled_literature_mean",1800,3.505,-6.241,7.496,"Dwarakanath 1971; Reichle 1968","Kelt and VanVuren 2001"
"TuckerDatabaseJEB.xlsx","Tucker_et_al_2016_JEB","Martes_martes","Mammalia","terrestrial","compiled_literature_mean",1380,50,-3.318,7.23,"Carbone et al. 2007","Kelt and VanVuren 2001"
"TuckerDatabaseJEB.xlsx","Tucker_et_al_2016_JEB","Martes_pennanti","Mammalia","terrestrial","compiled_literature_mean",4430,780,-1.737,8.396,"Carbone et al. 2007","Kelt and VanVuren 2001"
"TuckerDatabaseJEB.xlsx","Tucker_et_al_2016_JEB","Meles_meles","Mammalia","terrestrial","compiled_literature_mean",9370,30,-5.744,9.145,"Carbone et al. 2007","Kelt and VanVuren 2001"
"TuckerDatabaseJEB.xlsx","Tucker_et_al_2016_JEB","Mungos_mungo","Mammalia","terrestrial","compiled_literature_mean",9370,10,-6.843,9.145,"Carbone et al. 2007","Carbone et al. 2007"
"TuckerDatabaseJEB.xlsx","Tucker_et_al_2016_JEB","Mustela_erminea","Mammalia","terrestrial","compiled_literature_mean",270.4,50,-1.688,5.6,"Carbone et al. 2007","Kelt and VanVuren 2001"
"TuckerDatabaseJEB.xlsx","Tucker_et_al_2016_JEB","Mustela_frenata","Mammalia","terrestrial","compiled_literature_mean",150.3,20,-2.017,5.013,"Carbone et al. 2007","Kelt and VanVuren 2001"
"TuckerDatabaseJEB.xlsx","Tucker_et_al_2016_JEB","Mustela_nivalis","Mammalia","terrestrial","compiled_literature_mean",89.1,30,-1.089,4.49,"Carbone et al. 2007","Kelt and VanVuren 2001"
"TuckerDatabaseJEB.xlsx","Tucker_et_al_2016_JEB","Mustela_putorius","Mammalia","terrestrial","compiled_literature_mean",900,100,-2.197,6.802,"Carbone et al. 2007","Kelt and VanVuren 2001"
"TuckerDatabaseJEB.xlsx","Tucker_et_al_2016_JEB","Mustela_vison","Mammalia","terrestrial","compiled_literature_mean",1090,100,-2.389,6.994,"Carbone et al. 2007","Kelt and VanVuren 2001"
"TuckerDatabaseJEB.xlsx","Tucker_et_al_2016_JEB","Nasua_nasua","Mammalia","terrestrial","compiled_literature_mean",4698.9,0.21,-10.014,8.455,"Tiunov et al. 2004, De Mischis et al. 1997, Reichle et al. 1968","Kelt and VanVuren 2001"
"TuckerDatabaseJEB.xlsx","Tucker_et_al_2016_JEB","Nyctereutes_procyonoides","Mammalia","terrestrial","compiled_literature_mean",6070,50,-4.799,8.711,"Carbone et al. 2007","Kelt and VanVuren 2001"
"TuckerDatabaseJEB.xlsx","Tucker_et_al_2016_JEB","Otocyon_megalotis","Mammalia","terrestrial","compiled_literature_mean",4170,1,-8.336,8.336,"Carbone et al. 2007","Kelt and VanVuren 2001"
"TuckerDatabaseJEB.xlsx","Tucker_et_al_2016_JEB","Panthera_leo","Mammalia","terrestrial","compiled_literature_mean",145000,137250,-0.055,11.884,"Carbone et al. 2007","Kelt and VanVuren 2001"
"TuckerDatabaseJEB.xlsx","Tucker_et_al_2016_JEB","Panthera_onca","Mammalia","terrestrial","compiled_literature_mean",65000,40700,-0.468,11.082,"Carbone et al. 2007","Kelt and VanVuren 2001"
"TuckerDatabaseJEB.xlsx","Tucker_et_al_2016_JEB","Panthera_pardus","Mammalia","terrestrial","compiled_literature_mean",39170,33000,-0.171,10.576,"Carbone et al. 2007","Kelt and VanVuren 2001"
"TuckerDatabaseJEB.xlsx","Tucker_et_al_2016_JEB","Panthera_tigris","Mammalia","terrestrial","compiled_literature_mean",177250,189250,0.066,12.085,"Carbone et al. 2007","Kelt and VanVuren 2001"
"TuckerDatabaseJEB.xlsx","Tucker_et_al_2016_JEB","Procyon_lotor","Mammalia","terrestrial","compiled_literature_mean",10666,1.9,-8.633,9.275,"Hartnoll et al. 2006, Carrillo et al. 2001","Kelt and VanVuren 2001"
"TuckerDatabaseJEB.xlsx","Tucker_et_al_2016_JEB","Proteles_cristata","Mammalia","terrestrial","compiled_literature_mean",8500,1,-9.048,9.048,"Carbone et al. 2007","Kelt and VanVuren 2001"
"TuckerDatabaseJEB.xlsx","Tucker_et_al_2016_JEB","Puma_concolor","Mammalia","terrestrial","compiled_literature_mean",51510,76000,0.389,10.85,"Carbone et al. 2007","Kelt and VanVuren 2001"
"TuckerDatabaseJEB.xlsx","Tucker_et_al_2016_JEB","Spilogale_putorius","Mammalia","terrestrial","compiled_literature_mean",600,256.494,-0.85,6.397,"Crabb 1941, Kelt and VanVuren 2001","Kelt and VanVuren 2001"
"TuckerDatabaseJEB.xlsx","Tucker_et_al_2016_JEB","Taxidea_taxus","Mammalia","terrestrial","compiled_literature_mean",8609.9,135.5,-4.152,9.061,"Sovada et al. 1999, Harestadt et al. 1979, Bradley et al. 1975","Kelt and VanVuren 2001"
"TuckerDatabaseJEB.xlsx","Tucker_et_al_2016_JEB","Vulpes_cana","Mammalia","terrestrial","compiled_literature_mean",970,30,-3.476,6.877,"Carbone et al. 2007","Kelt and VanVuren 2001"
"TuckerDatabaseJEB.xlsx","Tucker_et_al_2016_JEB","Vulpes_lagopus","Mammalia","terrestrial","compiled_literature_mean",4988.8,40.8,-4.806,8.515,"Haim et al. 2004, Elmhagen et al. 2000","Kelt and VanVuren 2001"
"TuckerDatabaseJEB.xlsx","Tucker_et_al_2016_JEB","Vulpes_macrotis","Mammalia","terrestrial","compiled_literature_mean",4497.8,700,-1.86,8.411,"Carbone et al. 2007","Kelt and VanVuren 2001"
"TuckerDatabaseJEB.xlsx","Tucker_et_al_2016_JEB","Vulpes_rueppellii","Mammalia","terrestrial","compiled_literature_mean",1540,26.381,-4.067,7.34,"Scott et al. 2000, Reichle et al. 1968","Kelt and VanVuren 2001"
"TuckerDatabaseJEB.xlsx","Tucker_et_al_2016_JEB","Vulpes_velox","Mammalia","terrestrial","compiled_literature_mean",2100,1350,-0.442,7.65,"Carbone et al. 2007","Kelt and VanVuren 2001"
"TuckerDatabaseJEB.xlsx","Tucker_et_al_2016_JEB","Vulpes_vulpes","Mammalia","terrestrial","compiled_literature_mean",4560,480,-2.251,8.425,"Carbone et al. 2007","Kelt and VanVuren 2001"
