"source_file","ref_id","source","year","location_country","location_region","lat","lon","n_obs","obs_type","pred_class","pred_order","pred_genus","pred_species","pred_mass_g","pred_meas_note","prey_class","prey_order","prey_family","prey_genus","prey_species","prey_mass_g","count","certainty","notes"
"legacy_pre_intake",1,"Dolia_2018_HerpetolNotes_11_217",2018,"India","Uttarakhand_Kumaon_Sattal","","",1,"Regurgitation","Reptilia","Squamata","Ophiophagus","hannah",NA,"total_length_~9-10_ft_=_2700-3000mm","Reptilia","Squamata","Colubridae","Ptyas","mucosa",NA,1,1,"Mr Mohammed Younus observed adult King Cobra (~9-10 ft) in Kohinoor Ground Sattal Uttarakhand on 12 Oct 2012 regurgitate two snakes after being disturbed; first regurgitated snake was Indian Rat Snake; no body masses reported"
"legacy_pre_intake",2,"Dolia_2018_HerpetolNotes_11_217",2018,"India","Uttarakhand_Kumaon_Sattal","","",1,"Regurgitation","Reptilia","Squamata","Ophiophagus","hannah",NA,"total_length_~9-10_ft_=_2700-3000mm","Reptilia","Squamata","Viperidae","Trimeresurus","septentrionalis",NA,1,1,"same King Cobra regurgitation event 12 Oct 2012; second prey was Himalayan White-lipped Pit Viper; first report of King Cobra eating T. septentrionalis"
"legacy_pre_intake",3,"Bhaisare_et_al_2010",2010,"India","Karnataka_Agumbe_Shimoga","","",1,"Telemetry_radio_tracking","Reptilia","Squamata","Ophiophagus","hannah",NA,"adult_male","Reptilia","Squamata","Viperidae","Trimeresurus","malabaricus",NA,24,1,"cited in Dolia 2018; one radio-tagged male King Cobra in Agumbe Karnataka consumed 26 pit vipers in 6-month period; 24 were T. malabaricus"
"legacy_pre_intake",4,"Bhaisare_et_al_2010",2010,"India","Karnataka_Agumbe_Shimoga","","",1,"Telemetry_radio_tracking","Reptilia","Squamata","Ophiophagus","hannah",NA,"adult_male","Reptilia","Squamata","Viperidae","Hypnale","hypnale",NA,2,1,"same Agumbe radio-tracked male; 2 of 26 prey were hump-nosed pit viper H. hypnale"
"legacy_pre_intake",5,"Lu_et_al_2023_CurrBiol_33_647",2023,"China","Qinghai-Tibet_Plateau_Suojia","~34.0","~94.5",NA,"Fecal_DNA_metabarcoding","Mammalia","Carnivora","Vulpes","ferrilata",NA,"plateau_specialist","Mammalia","Lagomorpha","Ochotonidae","Ochotona","curzoniae",NA,1,1,"Tibetan fox at Suojia ate ONE lagomorph species (plateau pika) per main text; sample size 1 prey species; detailed % composition in supplement Data S1 not extracted here; suojia n=5-165 across all predators"
"legacy_pre_intake",6,"Lu_et_al_2023_CurrBiol_33_647",2023,"China","Qinghai-Tibet_Plateau_Zhaqing","~33.5","~95.5",NA,"Fecal_DNA_metabarcoding","Mammalia","Carnivora","Vulpes","ferrilata",NA,"plateau_specialist","Mammalia","Lagomorpha","Ochotonidae","Ochotona","curzoniae",NA,1,1,"Tibetan fox at Zhaqing - same pika specialization noted in main text; detailed data in Data S1"
"legacy_pre_intake",7,"Lu_et_al_2023_CurrBiol_33_647",2023,"China","Qinghai-Tibet_Plateau_Angsai","~33.0","~96.0",NA,"Fecal_DNA_metabarcoding","Mammalia","Carnivora","Vulpes","ferrilata",NA,"plateau_specialist","Mammalia","Lagomorpha","Ochotonidae","Ochotona","curzoniae",NA,1,1,"Tibetan fox at Angsai - same pika specialization; detailed data in Data S1"
"legacy_pre_intake",8,"Lu_et_al_2023_CurrBiol_33_647",2023,"China","Qinghai-Tibet_Plateau_3sites","","",NA,"Fecal_DNA_metabarcoding","Mammalia","Carnivora","Otocolobus","manul",NA,"Pallas_cat","Mammalia","Lagomorpha","Ochotonidae","Ochotona","spp",NA,NA,0.5,"Pallas's cat 'consumed primarily lagomorphs and also rodents' per main text; species-level breakdown in supplement Data S1; recorded here at genus level"
"legacy_pre_intake",9,"Lu_et_al_2023_CurrBiol_33_647",2023,"China","Qinghai-Tibet_Plateau_3sites","","",NA,"Fecal_DNA_metabarcoding","Mammalia","Carnivora","Otocolobus","manul",NA,"Pallas_cat","Mammalia","Rodentia","","","",NA,NA,0.5,"Pallas's cat also rodents per main text; family/species detail in Data S1"
"legacy_pre_intake",10,"Lu_et_al_2023_CurrBiol_33_647",2023,"China","Qinghai-Tibet_Plateau_3sites","","",NA,"Fecal_DNA_metabarcoding","Mammalia","Carnivora","Vulpes","vulpes",NA,"red_fox","","","","","",NA,NA,0.5,"red fox = diet generalist per main text; 21 prey species in Angsai (highest in study); detailed prey composition in Data S1"
"legacy_pre_intake",11,"Lu_et_al_2023_CurrBiol_33_647",2023,"China","Qinghai-Tibet_Plateau_3sites","","",NA,"Fecal_DNA_metabarcoding","Mammalia","Carnivora","Canis","lupus",NA,"gray_wolf","","","","","",NA,NA,0.5,"gray wolf = diet generalist per main text; key prey include bharal (Pseudois nayaur) and yak (Bos grunniens) per network/keystone analysis; species-level breakdown in Data S1"
"legacy_pre_intake",12,"Lu_et_al_2023_CurrBiol_33_647",2023,"China","Qinghai-Tibet_Plateau_3sites","","",NA,"Fecal_DNA_metabarcoding","Mammalia","Carnivora","Panthera","uncia",NA,"snow_leopard","","","","","",NA,NA,0.5,"snow leopard = diet specialist per main text; prey diversity on lower end; key prey include bharal (Pseudois nayaur); detailed data in Data S1"
"legacy_pre_intake",13,"Lu_et_al_2023_CurrBiol_33_647",2023,"China","Qinghai-Tibet_Plateau_3sites","","",NA,"Fecal_DNA_metabarcoding","Mammalia","Carnivora","Panthera","pardus",NA,"common_leopard","","","","","",NA,NA,0.5,"common leopard = diet specialist per main text; detailed data in Data S1"
"legacy_pre_intake",14,"Lu_et_al_2023_CurrBiol_33_647",2023,"China","Qinghai-Tibet_Plateau_3sites","","",NA,"Fecal_DNA_metabarcoding","Mammalia","Carnivora","Ursus","arctos",NA,"brown_bear","","","","","",NA,NA,0.5,"brown bear = diet generalist with high prey diversity per main text; detailed data in Data S1"
"legacy_pre_intake",15,"Lu_et_al_2023_CurrBiol_33_647",2023,"China","Qinghai-Tibet_Plateau_3sites","","",NA,"Fecal_DNA_metabarcoding","Mammalia","Carnivora","Canis","lupus_familiaris",NA,"domestic_dog","","","","","",NA,NA,0.5,"domestic dog included in study; detailed prey in Data S1"
"new_HJ07-1_pp1-5 The diet of the four-lined snake (Elaphe quatuorlineata) in Mediterranean central Italy.pdf",16,"Capizzi_Luiselli_1997_HerpetolJ_7_1",1997,"Italy","Tolfa_Mountains_Rome",NA,NA,NA,"Stomach","Reptilia","Squamata","Elaphe","quatuorlineata",376.23,"study mean body mass 376.23+-215g (n=31, incl. juveniles); Table2 stomach PPMR n=13","Mammalia","Rodentia","Muridae","Apodemus","sylvaticus",15.13,3,1,"Table2 B=45.4g/3"
"new_HJ07-1_pp1-5 The diet of the four-lined snake (Elaphe quatuorlineata) in Mediterranean central Italy.pdf",17,"Capizzi_Luiselli_1997_HerpetolJ_7_1",1997,"Italy","Tolfa_Mountains_Rome",NA,NA,NA,"Stomach","Reptilia","Squamata","Elaphe","quatuorlineata",376.23,"study mean body mass 376.23+-215g (n=31, incl. juveniles); Table2 stomach PPMR n=13","Mammalia","Rodentia","Muridae","Mus","domesticus",12.5,1,1,"Table2 B=12.5g"
"new_HJ07-1_pp1-5 The diet of the four-lined snake (Elaphe quatuorlineata) in Mediterranean central Italy.pdf",18,"Capizzi_Luiselli_1997_HerpetolJ_7_1",1997,"Italy","Tolfa_Mountains_Rome",NA,NA,NA,"Stomach","Reptilia","Squamata","Elaphe","quatuorlineata",376.23,"study mean body mass 376.23+-215g (n=31, incl. juveniles); Table2 stomach PPMR n=13","Mammalia","Rodentia","Cricetidae","Clethrionomys","glareolus",34.38,4,1,"Table2 B=137.5g/4; =Myodes glareolus"
"new_HJ07-1_pp1-5 The diet of the four-lined snake (Elaphe quatuorlineata) in Mediterranean central Italy.pdf",19,"Capizzi_Luiselli_1997_HerpetolJ_7_1",1997,"Italy","Tolfa_Mountains_Rome",NA,NA,NA,"Stomach","Reptilia","Squamata","Elaphe","quatuorlineata",376.23,"study mean body mass 376.23+-215g (n=31, incl. juveniles); Table2 stomach PPMR n=13","Mammalia","Rodentia","Muridae","Rattus","norvegicus",160.75,2,1,"Table2 B=321.5g/2"
"new_HJ07-1_pp1-5 The diet of the four-lined snake (Elaphe quatuorlineata) in Mediterranean central Italy.pdf",20,"Capizzi_Luiselli_1997_HerpetolJ_7_1",1997,"Italy","Tolfa_Mountains_Rome",NA,NA,NA,"Stomach","Reptilia","Squamata","Elaphe","quatuorlineata",376.23,"study mean body mass 376.23+-215g (n=31, incl. juveniles); Table2 stomach PPMR n=13","Aves","Passeriformes","Turdidae","Turdus","merula",7.23,3,1,"nestling; Table2 B=21.7g/3"
"new_HJ07-1_pp1-5 The diet of the four-lined snake (Elaphe quatuorlineata) in Mediterranean central Italy.pdf",21,"Capizzi_Luiselli_1997_HerpetolJ_7_1",1997,"Italy","Tolfa_Mountains_Rome",NA,NA,NA,"Stomach","Reptilia","Squamata","Elaphe","quatuorlineata",376.23,"study mean body mass 376.23+-215g (n=31, incl. juveniles); Table2 stomach PPMR n=13","Aves","Passeriformes","Turdidae","Turdus","merula",26,1,1,"adult (as reported); Table2 B=26g"
"new_HJ07-1_pp1-5 The diet of the four-lined snake (Elaphe quatuorlineata) in Mediterranean central Italy.pdf",22,"Capizzi_Luiselli_1997_HerpetolJ_7_1",1997,"Italy","Tolfa_Mountains_Rome",NA,NA,NA,"Stomach","Reptilia","Squamata","Elaphe","quatuorlineata",376.23,"study mean body mass 376.23+-215g (n=31, incl. juveniles); Table2 stomach PPMR n=13","Aves",NA,NA,"Aves","egg",11,1,1,"unidentified bird egg; Table2 B=11g"
"new_HJ07-1_pp1-5 The diet of the four-lined snake (Elaphe quatuorlineata) in Mediterranean central Italy.pdf",23,"Capizzi_Luiselli_1997_HerpetolJ_7_1",1997,"Italy","Tolfa_Mountains_Rome",NA,NA,NA,"Scat","Reptilia","Squamata","Elaphe","quatuorlineata",376.23,"study mean body mass 376.23+-215g (n=31, incl. juveniles); Table2 stomach PPMR n=13","Reptilia","Squamata","Lacertidae","Podarcis","muralis",NA,3,1,"juvenile snake diet; from FAECES (Table1), no mass reported -> mass layer"
"new_HJ07-2_pp67-70 Notes on the food habits of Coluber hippocrepis nigrescens from Pantelleria Island a snake that feeds on both carrion and living prey.pdf",24,"Capula_et_al_1997_HerpetolJ_7_67",1997,"Italy","Pantelleria_Island",NA,NA,NA,"Stomach","Reptilia","Squamata","Hemorrhois","hippocrepis",195.18,"study mean mass 195.18+-65.61g (n=11); =Coluber hippocrepis nigrescens","Reptilia","Squamata","Lacertidae","Podarcis","sicula",NA,3,1,"stomach; aggregate prey/pred mass ratio 0.260+-0.184 (range 0.05-0.56, n=11 stomach); pred mean mass 195.18g; SVL measured; 36% of stomach prey CARRION/scavenged"
"new_HJ07-2_pp67-70 Notes on the food habits of Coluber hippocrepis nigrescens from Pantelleria Island a snake that feeds on both carrion and living prey.pdf",25,"Capula_et_al_1997_HerpetolJ_7_67",1997,"Italy","Pantelleria_Island",NA,NA,NA,"Stomach","Reptilia","Squamata","Hemorrhois","hippocrepis",195.18,"study mean mass 195.18+-65.61g (n=11); =Coluber hippocrepis nigrescens","Aves","Passeriformes",NA,"Passeriformes","indet",NA,1,1,"unident passerine; stomach; aggregate prey/pred mass ratio 0.260+-0.184 (range 0.05-0.56, n=11 stomach); pred mean mass 195.18g; SVL measured; 36% of stomach prey CARRION/scavenged"
"new_HJ07-2_pp67-70 Notes on the food habits of Coluber hippocrepis nigrescens from Pantelleria Island a snake that feeds on both carrion and living prey.pdf",26,"Capula_et_al_1997_HerpetolJ_7_67",1997,"Italy","Pantelleria_Island",NA,NA,NA,"Stomach","Reptilia","Squamata","Hemorrhois","hippocrepis",195.18,"study mean mass 195.18+-65.61g (n=11); =Coluber hippocrepis nigrescens","Mammalia","Rodentia","Muridae","Rattus","norvegicus",NA,5,1,"3 of 5 were carrion rats 131/116/103g; aggregate prey/pred mass ratio 0.260+-0.184 (range 0.05-0.56, n=11 stomach); pred mean mass 195.18g; SVL measured; 36% of stomach prey CARRION/scavenged"
"new_HJ07-2_pp67-70 Notes on the food habits of Coluber hippocrepis nigrescens from Pantelleria Island a snake that feeds on both carrion and living prey.pdf",27,"Capula_et_al_1997_HerpetolJ_7_67",1997,"Italy","Pantelleria_Island",NA,NA,NA,"Stomach","Reptilia","Squamata","Hemorrhois","hippocrepis",195.18,"study mean mass 195.18+-65.61g (n=11); =Coluber hippocrepis nigrescens","Mammalia","Rodentia","Muridae","Mus","domesticus",NA,2,1,"stomach; aggregate prey/pred mass ratio 0.260+-0.184 (range 0.05-0.56, n=11 stomach); pred mean mass 195.18g; SVL measured; 36% of stomach prey CARRION/scavenged"
"new_platt2013.pdf",28,"Platt_et_al_2013_JHerpetol_47_1",2013,"Belize","coastal_marine_barrier_reef_atolls",NA,NA,NA,"Stomach","Crocodylia","Crocodylia","Crocodylus","acutus",NA,"C. acutus stomachs N=97, SVL hatchling<15cm..adult>90cm (TL to 218cm); OCCURRENCE-based, prey NOT size-paired; diet dominated by crustaceans (75%)+insects (small prey); vertebrates minor","Actinopterygii","Cyprinodontiformes","Poeciliidae","Gambusia","sp",NA,NA,1,"occurrence-only (Table2 identifiable prey); no paired/individual masses; prey mass->mass layer; documents occasional LARGE vertebrate prey by a croc"
"new_platt2013.pdf",29,"Platt_et_al_2013_JHerpetol_47_1",2013,"Belize","coastal_marine_barrier_reef_atolls",NA,NA,NA,"Stomach","Crocodylia","Crocodylia","Crocodylus","acutus",NA,"C. acutus stomachs N=97, SVL hatchling<15cm..adult>90cm (TL to 218cm); OCCURRENCE-based, prey NOT size-paired; diet dominated by crustaceans (75%)+insects (small prey); vertebrates minor","Actinopterygii","Perciformes","Lutjanidae","Lutjanidae","indet",NA,NA,1,"occurrence-only (Table2 identifiable prey); no paired/individual masses; prey mass->mass layer; documents occasional LARGE vertebrate prey by a croc"
"new_platt2013.pdf",30,"Platt_et_al_2013_JHerpetol_47_1",2013,"Belize","coastal_marine_barrier_reef_atolls",NA,NA,NA,"Stomach","Crocodylia","Crocodylia","Crocodylus","acutus",NA,"C. acutus stomachs N=97, SVL hatchling<15cm..adult>90cm (TL to 218cm); OCCURRENCE-based, prey NOT size-paired; diet dominated by crustaceans (75%)+insects (small prey); vertebrates minor","Actinopterygii","Beloniformes","Belonidae","Belonidae","indet",NA,NA,1,"occurrence-only (Table2 identifiable prey); no paired/individual masses; prey mass->mass layer; documents occasional LARGE vertebrate prey by a croc"
"new_platt2013.pdf",31,"Platt_et_al_2013_JHerpetol_47_1",2013,"Belize","coastal_marine_barrier_reef_atolls",NA,NA,NA,"Stomach","Crocodylia","Crocodylia","Crocodylus","acutus",NA,"C. acutus stomachs N=97, SVL hatchling<15cm..adult>90cm (TL to 218cm); OCCURRENCE-based, prey NOT size-paired; diet dominated by crustaceans (75%)+insects (small prey); vertebrates minor","Amphibia","Anura","Ranidae","Rana","berlandieri",NA,NA,1,"occurrence-only (Table2 identifiable prey); no paired/individual masses; prey mass->mass layer; documents occasional LARGE vertebrate prey by a croc"
"new_platt2013.pdf",32,"Platt_et_al_2013_JHerpetol_47_1",2013,"Belize","coastal_marine_barrier_reef_atolls",NA,NA,NA,"Stomach","Crocodylia","Crocodylia","Crocodylus","acutus",NA,"C. acutus stomachs N=97, SVL hatchling<15cm..adult>90cm (TL to 218cm); OCCURRENCE-based, prey NOT size-paired; diet dominated by crustaceans (75%)+insects (small prey); vertebrates minor","Reptilia","Testudines","Geoemydidae","Rhinoclemmys","areolata",NA,NA,1,"occurrence-only (Table2 identifiable prey); no paired/individual masses; prey mass->mass layer; documents occasional LARGE vertebrate prey by a croc"
"new_platt2013.pdf",33,"Platt_et_al_2013_JHerpetol_47_1",2013,"Belize","coastal_marine_barrier_reef_atolls",NA,NA,NA,"Stomach","Crocodylia","Crocodylia","Crocodylus","acutus",NA,"C. acutus stomachs N=97, SVL hatchling<15cm..adult>90cm (TL to 218cm); OCCURRENCE-based, prey NOT size-paired; diet dominated by crustaceans (75%)+insects (small prey); vertebrates minor","Reptilia","Squamata","Iguanidae","Ctenosaura","similis",NA,NA,1,"occurrence-only (Table2 identifiable prey); no paired/individual masses; prey mass->mass layer; documents occasional LARGE vertebrate prey by a croc"
"new_platt2013.pdf",34,"Platt_et_al_2013_JHerpetol_47_1",2013,"Belize","coastal_marine_barrier_reef_atolls",NA,NA,NA,"Stomach","Crocodylia","Crocodylia","Crocodylus","acutus",NA,"C. acutus stomachs N=97, SVL hatchling<15cm..adult>90cm (TL to 218cm); OCCURRENCE-based, prey NOT size-paired; diet dominated by crustaceans (75%)+insects (small prey); vertebrates minor","Reptilia","Squamata","Boidae","Boa","constrictor",NA,NA,1,"occurrence-only (Table2 identifiable prey); no paired/individual masses; prey mass->mass layer; documents occasional LARGE vertebrate prey by a croc"
"new_platt2013.pdf",35,"Platt_et_al_2013_JHerpetol_47_1",2013,"Belize","coastal_marine_barrier_reef_atolls",NA,NA,NA,"Stomach","Crocodylia","Crocodylia","Crocodylus","acutus",NA,"C. acutus stomachs N=97, SVL hatchling<15cm..adult>90cm (TL to 218cm); OCCURRENCE-based, prey NOT size-paired; diet dominated by crustaceans (75%)+insects (small prey); vertebrates minor","Aves","Suliformes","Phalacrocoracidae","Phalacrocorax","sp",NA,NA,1,"occurrence-only (Table2 identifiable prey); no paired/individual masses; prey mass->mass layer; documents occasional LARGE vertebrate prey by a croc"
"new_platt2013.pdf",36,"Platt_et_al_2013_JHerpetol_47_1",2013,"Belize","coastal_marine_barrier_reef_atolls",NA,NA,NA,"Stomach","Crocodylia","Crocodylia","Crocodylus","acutus",NA,"C. acutus stomachs N=97, SVL hatchling<15cm..adult>90cm (TL to 218cm); OCCURRENCE-based, prey NOT size-paired; diet dominated by crustaceans (75%)+insects (small prey); vertebrates minor","Mammalia",NA,NA,"Mammalia","indet",NA,NA,1,"occurrence-only (Table2 identifiable prey); no paired/individual masses; prey mass->mass layer; documents occasional LARGE vertebrate prey by a croc"
"new_rodriguez-robles_2002.pdf",37,"Rodriguez-Robles_2002_BJLS_77_165",2002,"USA_Mexico","North_America_rangewide",NA,NA,NA,"Stomach","Reptilia","Squamata","Pituophis","catenifer",NA,"REVIEW N=2613 specimens/1066 prey; relative prey mass mean 0.21+-0.26 (range 0.01-1.36, N=53) => mean logPPMR ~ -1.56; ln(prey/snake) decreases with snake mass (Fig5B); prey genera incl Geomys Thomomys Dipodomys Microtus Peromyscus Spermophilus Neotoma Lepus Sylvilagus","Mammalia","Rodentia",NA,"Mammalia","indet",NA,797,1,"category-level count; 74.8% of 1066; pocket gophers/kangaroo rats/voles/squirrels/lagomorphs"
"new_rodriguez-robles_2002.pdf",38,"Rodriguez-Robles_2002_BJLS_77_165",2002,"USA_Mexico","North_America_rangewide",NA,NA,NA,"Stomach","Reptilia","Squamata","Pituophis","catenifer",NA,"REVIEW N=2613 specimens/1066 prey; relative prey mass mean 0.21+-0.26 (range 0.01-1.36, N=53) => mean logPPMR ~ -1.56; ln(prey/snake) decreases with snake mass (Fig5B); prey genera incl Geomys Thomomys Dipodomys Microtus Peromyscus Spermophilus Neotoma Lepus Sylvilagus","Aves","Aves",NA,"Aves","indet",NA,86,1,"category-level count; 8.1%; mostly nestlings/passerines"
"new_rodriguez-robles_2002.pdf",39,"Rodriguez-Robles_2002_BJLS_77_165",2002,"USA_Mexico","North_America_rangewide",NA,NA,NA,"Stomach","Reptilia","Squamata","Pituophis","catenifer",NA,"REVIEW N=2613 specimens/1066 prey; relative prey mass mean 0.21+-0.26 (range 0.01-1.36, N=53) => mean logPPMR ~ -1.56; ln(prey/snake) decreases with snake mass (Fig5B); prey genera incl Geomys Thomomys Dipodomys Microtus Peromyscus Spermophilus Neotoma Lepus Sylvilagus","Aves",NA,NA,"Aves","egg",NA,127,1,"category-level count; 11.9%; bird eggs"
"new_rodriguez-robles_2002.pdf",40,"Rodriguez-Robles_2002_BJLS_77_165",2002,"USA_Mexico","North_America_rangewide",NA,NA,NA,"Stomach","Reptilia","Squamata","Pituophis","catenifer",NA,"REVIEW N=2613 specimens/1066 prey; relative prey mass mean 0.21+-0.26 (range 0.01-1.36, N=53) => mean logPPMR ~ -1.56; ln(prey/snake) decreases with snake mass (Fig5B); prey genera incl Geomys Thomomys Dipodomys Microtus Peromyscus Spermophilus Neotoma Lepus Sylvilagus","Reptilia","Squamata","Lacertilia","Lacertilia","indet",NA,35,1,"category-level count; 3.3%; lizards Sceloporus/Cnemidophorus etc"
"new_rodriguez-robles_2002.pdf",41,"Rodriguez-Robles_2002_BJLS_77_165",2002,"USA_Mexico","North_America_rangewide",NA,NA,NA,"Stomach","Reptilia","Squamata","Pituophis","catenifer",NA,"REVIEW N=2613 specimens/1066 prey; relative prey mass mean 0.21+-0.26 (range 0.01-1.36, N=53) => mean logPPMR ~ -1.56; ln(prey/snake) decreases with snake mass (Fig5B); prey genera incl Geomys Thomomys Dipodomys Microtus Peromyscus Spermophilus Neotoma Lepus Sylvilagus","Reptilia","Squamata","Serpentes","Serpentes","indet",NA,5,1,"category-level count; 0.5%; snakes"
"new_KingsnakeFeedingEcologyWiseman_etal_2019.pdf",42,"Wiseman_et_al_2019_HCB_14_1",2019,"USA_Mexico","California_kingsnake_rangewide",NA,NA,NA,"Stomach","Reptilia","Squamata","Lampropeltis","californiae",131.5,"L. californiae SVL mean 65.5cm (n=202); body mass mean 131.5+-110.2g (range 7.5-548, n=200); rel prey mass 0.24+-0.19 (range 0.01-0.73, n=43) => mean logPPMR ~-1.43; ophiophagous (29% snakes incl rattlesnakes). prey_mass = Table2 biomass/frequency (per-item mean)","Reptilia","Squamata","Serpentes","Serpentes","indet",39.5,129,1,"per-item mean = 5099g total biomass / 129 items (Table2); logPPMR=-1.20"
"new_KingsnakeFeedingEcologyWiseman_etal_2019.pdf",43,"Wiseman_et_al_2019_HCB_14_1",2019,"USA_Mexico","California_kingsnake_rangewide",NA,NA,NA,"Stomach","Reptilia","Squamata","Lampropeltis","californiae",131.5,"L. californiae SVL mean 65.5cm (n=202); body mass mean 131.5+-110.2g (range 7.5-548, n=200); rel prey mass 0.24+-0.19 (range 0.01-0.73, n=43) => mean logPPMR ~-1.43; ophiophagous (29% snakes incl rattlesnakes). prey_mass = Table2 biomass/frequency (per-item mean)","Mammalia","Rodentia",NA,"Mammalia","indet",22.4,130,1,"per-item mean = 2912g total biomass / 130 items (Table2); logPPMR=-1.77"
"new_KingsnakeFeedingEcologyWiseman_etal_2019.pdf",44,"Wiseman_et_al_2019_HCB_14_1",2019,"USA_Mexico","California_kingsnake_rangewide",NA,NA,NA,"Stomach","Reptilia","Squamata","Lampropeltis","californiae",131.5,"L. californiae SVL mean 65.5cm (n=202); body mass mean 131.5+-110.2g (range 7.5-548, n=200); rel prey mass 0.24+-0.19 (range 0.01-0.73, n=43) => mean logPPMR ~-1.43; ophiophagous (29% snakes incl rattlesnakes). prey_mass = Table2 biomass/frequency (per-item mean)","Reptilia","Squamata","Lacertilia","Lacertilia","indet",14.5,111,1,"per-item mean = 1608g total biomass / 111 items (Table2); logPPMR=-2.20"
"new_KingsnakeFeedingEcologyWiseman_etal_2019.pdf",45,"Wiseman_et_al_2019_HCB_14_1",2019,"USA_Mexico","California_kingsnake_rangewide",NA,NA,NA,"Stomach","Reptilia","Squamata","Lampropeltis","californiae",131.5,"L. californiae SVL mean 65.5cm (n=202); body mass mean 131.5+-110.2g (range 7.5-548, n=200); rel prey mass 0.24+-0.19 (range 0.01-0.73, n=43) => mean logPPMR ~-1.43; ophiophagous (29% snakes incl rattlesnakes). prey_mass = Table2 biomass/frequency (per-item mean)","Aves","Aves",NA,"Aves","indet",26.9,50,1,"per-item mean = 1345g total biomass / 50 items (Table2); logPPMR=-1.59"
"new_KingsnakeFeedingEcologyWiseman_etal_2019.pdf",46,"Wiseman_et_al_2019_HCB_14_1",2019,"USA_Mexico","California_kingsnake_rangewide",NA,NA,NA,"Stomach","Reptilia","Squamata","Lampropeltis","californiae",131.5,"L. californiae SVL mean 65.5cm (n=202); body mass mean 131.5+-110.2g (range 7.5-548, n=200); rel prey mass 0.24+-0.19 (range 0.01-0.73, n=43) => mean logPPMR ~-1.43; ophiophagous (29% snakes incl rattlesnakes). prey_mass = Table2 biomass/frequency (per-item mean)","Reptilia","Squamata",NA,"Squamata","egg",8.7,16,1,"per-item mean = 139g total biomass / 16 items (Table2); logPPMR=-2.72"
"new_KingsnakeFeedingEcologyWiseman_etal_2019.pdf",47,"Wiseman_et_al_2019_HCB_14_1",2019,"USA_Mexico","California_kingsnake_rangewide",NA,NA,NA,"Stomach","Reptilia","Squamata","Lampropeltis","californiae",131.5,"L. californiae SVL mean 65.5cm (n=202); body mass mean 131.5+-110.2g (range 7.5-548, n=200); rel prey mass 0.24+-0.19 (range 0.01-0.73, n=43) => mean logPPMR ~-1.43; ophiophagous (29% snakes incl rattlesnakes). prey_mass = Table2 biomass/frequency (per-item mean)","Reptilia","Squamata",NA,"Squamata","indet",18.7,6,1,"per-item mean = 112g total biomass / 6 items (Table2); logPPMR=-1.95"
"new_KingsnakeFeedingEcologyWiseman_etal_2019.pdf",48,"Wiseman_et_al_2019_HCB_14_1",2019,"USA_Mexico","California_kingsnake_rangewide",NA,NA,NA,"Stomach","Reptilia","Squamata","Lampropeltis","californiae",131.5,"L. californiae SVL mean 65.5cm (n=202); body mass mean 131.5+-110.2g (range 7.5-548, n=200); rel prey mass 0.24+-0.19 (range 0.01-0.73, n=43) => mean logPPMR ~-1.43; ophiophagous (29% snakes incl rattlesnakes). prey_mass = Table2 biomass/frequency (per-item mean)","Amphibia","Anura",NA,"Amphibia","indet",9.8,5,1,"per-item mean = 49g total biomass / 5 items (Table2); logPPMR=-2.60"
"new_113sexualdimorphism.pdf",49,"Houston_Shine_1993_JAnimEcol_62_737",1993,"Australia","Magela_Creek_Kakadu_NT",NA,NA,NA,"Stomach","Reptilia","Squamata","Acrochordus","arafurae",NA,"Acrochordus arafurae piscivorous; extreme sexual size dimorphism (F to 2.0m, M to 1.5m); FEMALES single large prey (high PPMR) vs MALES many small prey (low PPMR); prey SL 35-480mm; Magela Ck Kakadu NT Australia; prey masses->FishBase mass layer","Actinopterygii",NA,"Ambassidae","Ambassis","sp",NA,NA,1,"fish prey; glass perch; most numerous; SL small"
"new_113sexualdimorphism.pdf",50,"Houston_Shine_1993_JAnimEcol_62_737",1993,"Australia","Magela_Creek_Kakadu_NT",NA,NA,NA,"Stomach","Reptilia","Squamata","Acrochordus","arafurae",NA,"Acrochordus arafurae piscivorous; extreme sexual size dimorphism (F to 2.0m, M to 1.5m); FEMALES single large prey (high PPMR) vs MALES many small prey (low PPMR); prey SL 35-480mm; Magela Ck Kakadu NT Australia; prey masses->FishBase mass layer","Actinopterygii",NA,"Apogonidae","Glossamia","aprion",NA,NA,1,"fish prey; mouth almighty; 2nd most common"
"new_113sexualdimorphism.pdf",51,"Houston_Shine_1993_JAnimEcol_62_737",1993,"Australia","Magela_Creek_Kakadu_NT",NA,NA,NA,"Stomach","Reptilia","Squamata","Acrochordus","arafurae",NA,"Acrochordus arafurae piscivorous; extreme sexual size dimorphism (F to 2.0m, M to 1.5m); FEMALES single large prey (high PPMR) vs MALES many small prey (low PPMR); prey SL 35-480mm; Magela Ck Kakadu NT Australia; prey masses->FishBase mass layer","Actinopterygii",NA,"Eleotridae","Oxyeleotris","lineolatus",NA,NA,1,"fish prey; sleepy cod; LARGEST prey SL up to 480mm; ~90% of female stomach mass"
"new_113sexualdimorphism.pdf",52,"Houston_Shine_1993_JAnimEcol_62_737",1993,"Australia","Magela_Creek_Kakadu_NT",NA,NA,NA,"Stomach","Reptilia","Squamata","Acrochordus","arafurae",NA,"Acrochordus arafurae piscivorous; extreme sexual size dimorphism (F to 2.0m, M to 1.5m); FEMALES single large prey (high PPMR) vs MALES many small prey (low PPMR); prey SL 35-480mm; Magela Ck Kakadu NT Australia; prey masses->FishBase mass layer","Actinopterygii",NA,"Plotosidae","Plotosidae","indet",NA,NA,1,"fish prey; eel-tailed catfish; common in males"
"new_113sexualdimorphism.pdf",53,"Houston_Shine_1993_JAnimEcol_62_737",1993,"Australia","Magela_Creek_Kakadu_NT",NA,NA,NA,"Stomach","Reptilia","Squamata","Acrochordus","arafurae",NA,"Acrochordus arafurae piscivorous; extreme sexual size dimorphism (F to 2.0m, M to 1.5m); FEMALES single large prey (high PPMR) vs MALES many small prey (low PPMR); prey SL 35-480mm; Magela Ck Kakadu NT Australia; prey masses->FishBase mass layer","Actinopterygii",NA,"Melanotaeniidae","Melanotaenia","splendida",NA,NA,1,"fish prey; chequered rainbowfish"
"new_113sexualdimorphism.pdf",54,"Houston_Shine_1993_JAnimEcol_62_737",1993,"Australia","Magela_Creek_Kakadu_NT",NA,NA,NA,"Stomach","Reptilia","Squamata","Acrochordus","arafurae",NA,"Acrochordus arafurae piscivorous; extreme sexual size dimorphism (F to 2.0m, M to 1.5m); FEMALES single large prey (high PPMR) vs MALES many small prey (low PPMR); prey SL 35-480mm; Magela Ck Kakadu NT Australia; prey masses->FishBase mass layer","Actinopterygii",NA,"Eleotridae","Hypseleotris","compressa",NA,NA,1,"fish prey; empire fish"
"new_113sexualdimorphism.pdf",55,"Houston_Shine_1993_JAnimEcol_62_737",1993,"Australia","Magela_Creek_Kakadu_NT",NA,NA,NA,"Stomach","Reptilia","Squamata","Acrochordus","arafurae",NA,"Acrochordus arafurae piscivorous; extreme sexual size dimorphism (F to 2.0m, M to 1.5m); FEMALES single large prey (high PPMR) vs MALES many small prey (low PPMR); prey SL 35-480mm; Magela Ck Kakadu NT Australia; prey masses->FishBase mass layer","Actinopterygii",NA,"Ambassidae","Denariusa","bandata",NA,NA,1,"fish prey; penny fish; SMALLEST prey SL ~35mm"
"new_animals-14-02610.pdf",56,"Gonzalez-Solorzano_et_al_2024_Animals_14_2610",2024,"Mexico","Laguna_de_las_Ilusiones_Tabasco",NA,NA,NA,"Stomach","Crocodylia","Crocodylia","Crocodylus","moreletii",NA,"hatchling C. moreletii TL 300-509mm (mean 415, n=31); stomach-flush; OCCURRENCE/RII-based, no paired masses; diet ~all small inverts (Coleoptera 87% FO, Hemiptera, Araneae); minor fish+birds (birds unprecedented in hatchling crocs = scavenged fallen chicks); Tabasco Mexico","Insecta","Coleoptera","Invertebrate","Coleoptera","indet",NA,NA,1,"occurrence/RII; dominant; %FO 87, RII high"
"new_animals-14-02610.pdf",57,"Gonzalez-Solorzano_et_al_2024_Animals_14_2610",2024,"Mexico","Laguna_de_las_Ilusiones_Tabasco",NA,NA,NA,"Stomach","Crocodylia","Crocodylia","Crocodylus","moreletii",NA,"hatchling C. moreletii TL 300-509mm (mean 415, n=31); stomach-flush; OCCURRENCE/RII-based, no paired masses; diet ~all small inverts (Coleoptera 87% FO, Hemiptera, Araneae); minor fish+birds (birds unprecedented in hatchling crocs = scavenged fallen chicks); Tabasco Mexico","Insecta","Hemiptera","Invertebrate","Hemiptera","indet",NA,NA,1,"occurrence/RII; secondary; %FO ~57-100"
"new_animals-14-02610.pdf",58,"Gonzalez-Solorzano_et_al_2024_Animals_14_2610",2024,"Mexico","Laguna_de_las_Ilusiones_Tabasco",NA,NA,NA,"Stomach","Crocodylia","Crocodylia","Crocodylus","moreletii",NA,"hatchling C. moreletii TL 300-509mm (mean 415, n=31); stomach-flush; OCCURRENCE/RII-based, no paired masses; diet ~all small inverts (Coleoptera 87% FO, Hemiptera, Araneae); minor fish+birds (birds unprecedented in hatchling crocs = scavenged fallen chicks); Tabasco Mexico","Arachnida","Araneae","Invertebrate","Araneae","indet",NA,NA,1,"occurrence/RII; secondary; %FO ~80-86"
"new_animals-14-02610.pdf",59,"Gonzalez-Solorzano_et_al_2024_Animals_14_2610",2024,"Mexico","Laguna_de_las_Ilusiones_Tabasco",NA,NA,NA,"Stomach","Crocodylia","Crocodylia","Crocodylus","moreletii",NA,"hatchling C. moreletii TL 300-509mm (mean 415, n=31); stomach-flush; OCCURRENCE/RII-based, no paired masses; diet ~all small inverts (Coleoptera 87% FO, Hemiptera, Araneae); minor fish+birds (birds unprecedented in hatchling crocs = scavenged fallen chicks); Tabasco Mexico","Actinopterygii",NA,"Actinopterygii","Actinopterygii","indet",NA,NA,1,"occurrence/RII; minor vertebrate prey; increases with TL"
"new_animals-14-02610.pdf",60,"Gonzalez-Solorzano_et_al_2024_Animals_14_2610",2024,"Mexico","Laguna_de_las_Ilusiones_Tabasco",NA,NA,NA,"Stomach","Crocodylia","Crocodylia","Crocodylus","moreletii",NA,"hatchling C. moreletii TL 300-509mm (mean 415, n=31); stomach-flush; OCCURRENCE/RII-based, no paired masses; diet ~all small inverts (Coleoptera 87% FO, Hemiptera, Araneae); minor fish+birds (birds unprecedented in hatchling crocs = scavenged fallen chicks); Tabasco Mexico","Aves",NA,"Aves","Aves","indet",NA,NA,1,"occurrence/RII; minor; scavenged fallen chicks; unprecedented in hatchling crocs"
"new_Diet_2008.pdf",61,"Wallace_Leslie_2008_JHerpetol_42_361",2008,"Botswana","Okavango_Delta",NA,NA,NA,"Stomach","Crocodylia","Crocodylia","Crocodylus","niloticus",NA,"C. niloticus stomach-lavage N=286 (SVL 17-166cm, 3 size classes); OCCURRENCE/%composition, no per-item masses; total stomach LOAD only 0.1-0.45% of body mass (fullness, not PPMR); ontogenetic shift inverts(yearling)->fish-dominated(subadult 68% fish)+mammals; Okavango Botswana","Insecta","Insecta",NA,"Insecta","indet",NA,NA,1,"occurrence/%composition; dominant yearling/juv (Coleoptera/Hemiptera)"
"new_Diet_2008.pdf",62,"Wallace_Leslie_2008_JHerpetol_42_361",2008,"Botswana","Okavango_Delta",NA,NA,NA,"Stomach","Crocodylia","Crocodylia","Crocodylus","niloticus",NA,"C. niloticus stomach-lavage N=286 (SVL 17-166cm, 3 size classes); OCCURRENCE/%composition, no per-item masses; total stomach LOAD only 0.1-0.45% of body mass (fullness, not PPMR); ontogenetic shift inverts(yearling)->fish-dominated(subadult 68% fish)+mammals; Okavango Botswana","Arachnida","Araneae",NA,"Arachnida","indet",NA,NA,1,"occurrence/%composition; common yearling (Pisauridae)"
"new_Diet_2008.pdf",63,"Wallace_Leslie_2008_JHerpetol_42_361",2008,"Botswana","Okavango_Delta",NA,NA,NA,"Stomach","Crocodylia","Crocodylia","Crocodylus","niloticus",NA,"C. niloticus stomach-lavage N=286 (SVL 17-166cm, 3 size classes); OCCURRENCE/%composition, no per-item masses; total stomach LOAD only 0.1-0.45% of body mass (fullness, not PPMR); ontogenetic shift inverts(yearling)->fish-dominated(subadult 68% fish)+mammals; Okavango Botswana","Malacostraca","Decapoda",NA,"Crustacea","indet",NA,NA,1,"occurrence/%composition; juvenile crustacea 17%"
"new_Diet_2008.pdf",64,"Wallace_Leslie_2008_JHerpetol_42_361",2008,"Botswana","Okavango_Delta",NA,NA,NA,"Stomach","Crocodylia","Crocodylia","Crocodylus","niloticus",NA,"C. niloticus stomach-lavage N=286 (SVL 17-166cm, 3 size classes); OCCURRENCE/%composition, no per-item masses; total stomach LOAD only 0.1-0.45% of body mass (fullness, not PPMR); ontogenetic shift inverts(yearling)->fish-dominated(subadult 68% fish)+mammals; Okavango Botswana","Actinopterygii",NA,NA,"Teleostei","indet",NA,NA,1,"occurrence/%composition; DOMINANT subadult prey 68-80% (Hepsetidae/Cichlidae/Siluriformes/Mormyridae)"
"new_Diet_2008.pdf",65,"Wallace_Leslie_2008_JHerpetol_42_361",2008,"Botswana","Okavango_Delta",NA,NA,NA,"Stomach","Crocodylia","Crocodylia","Crocodylus","niloticus",NA,"C. niloticus stomach-lavage N=286 (SVL 17-166cm, 3 size classes); OCCURRENCE/%composition, no per-item masses; total stomach LOAD only 0.1-0.45% of body mass (fullness, not PPMR); ontogenetic shift inverts(yearling)->fish-dominated(subadult 68% fish)+mammals; Okavango Botswana","Mammalia","Rodentia",NA,"Mammalia","indet",NA,NA,1,"occurrence/%composition; increases with size; Muroidea/Soricidae; subadult ~9-11%"
"new_Diet_2008.pdf",66,"Wallace_Leslie_2008_JHerpetol_42_361",2008,"Botswana","Okavango_Delta",NA,NA,NA,"Stomach","Crocodylia","Crocodylia","Crocodylus","niloticus",NA,"C. niloticus stomach-lavage N=286 (SVL 17-166cm, 3 size classes); OCCURRENCE/%composition, no per-item masses; total stomach LOAD only 0.1-0.45% of body mass (fullness, not PPMR); ontogenetic shift inverts(yearling)->fish-dominated(subadult 68% fish)+mammals; Okavango Botswana","Amphibia","Anura",NA,"Amphibia","indet",NA,NA,1,"occurrence/%composition; yearling/juvenile minor"
"new_Diet_2008.pdf",67,"Wallace_Leslie_2008_JHerpetol_42_361",2008,"Botswana","Okavango_Delta",NA,NA,NA,"Stomach","Crocodylia","Crocodylia","Crocodylus","niloticus",NA,"C. niloticus stomach-lavage N=286 (SVL 17-166cm, 3 size classes); OCCURRENCE/%composition, no per-item masses; total stomach LOAD only 0.1-0.45% of body mass (fullness, not PPMR); ontogenetic shift inverts(yearling)->fish-dominated(subadult 68% fish)+mammals; Okavango Botswana","Reptilia","Squamata",NA,"Squamata","indet",NA,NA,1,"occurrence/%composition; minor (subadult)"
"new_MBI_2016_Bontemps_etal.pdf",68,"Bontemps_et_al_2016_MBI_7_287",2016,"Puerto_Rico","Tortuguero_Lagoon_introduced",NA,NA,NA,"Stomach","Crocodylia","Crocodylia","Caiman","crocodilus",NA,"Caiman crocodilus INTRODUCED/invasive Puerto Rico; stomach contents N=138 (SVL 12-94cm); OCCURRENCE-frequency ONLY (no counts/masses/volume); dominated by aquatic insects (Belostoma)+fish (Eleotris/Oreochromis)+gastropods; minor birds/mammals/reptiles in adults; ontogenetic insects->fish; Tortuguero Lagoon","Insecta","Hemiptera",NA,"Insecta","indet",NA,NA,1,"occurrence-FO only; dominant 90% FO hatchling (Belostoma, Stratiomyidae larva)"
"new_MBI_2016_Bontemps_etal.pdf",69,"Bontemps_et_al_2016_MBI_7_287",2016,"Puerto_Rico","Tortuguero_Lagoon_introduced",NA,NA,NA,"Stomach","Crocodylia","Crocodylia","Caiman","crocodilus",NA,"Caiman crocodilus INTRODUCED/invasive Puerto Rico; stomach contents N=138 (SVL 12-94cm); OCCURRENCE-frequency ONLY (no counts/masses/volume); dominated by aquatic insects (Belostoma)+fish (Eleotris/Oreochromis)+gastropods; minor birds/mammals/reptiles in adults; ontogenetic insects->fish; Tortuguero Lagoon","Actinopterygii",NA,NA,"Teleostei","indet",NA,NA,1,"occurrence-FO only; increases w size; adult 38% FO (Eleotris, Oreochromis)"
"new_MBI_2016_Bontemps_etal.pdf",70,"Bontemps_et_al_2016_MBI_7_287",2016,"Puerto_Rico","Tortuguero_Lagoon_introduced",NA,NA,NA,"Stomach","Crocodylia","Crocodylia","Caiman","crocodilus",NA,"Caiman crocodilus INTRODUCED/invasive Puerto Rico; stomach contents N=138 (SVL 12-94cm); OCCURRENCE-frequency ONLY (no counts/masses/volume); dominated by aquatic insects (Belostoma)+fish (Eleotris/Oreochromis)+gastropods; minor birds/mammals/reptiles in adults; ontogenetic insects->fish; Tortuguero Lagoon","Gastropoda",NA,NA,"Gastropoda","indet",NA,NA,1,"occurrence-FO only; Melanoides/Tarebia; peaks juvenile"
"new_MBI_2016_Bontemps_etal.pdf",71,"Bontemps_et_al_2016_MBI_7_287",2016,"Puerto_Rico","Tortuguero_Lagoon_introduced",NA,NA,NA,"Stomach","Crocodylia","Crocodylia","Caiman","crocodilus",NA,"Caiman crocodilus INTRODUCED/invasive Puerto Rico; stomach contents N=138 (SVL 12-94cm); OCCURRENCE-frequency ONLY (no counts/masses/volume); dominated by aquatic insects (Belostoma)+fish (Eleotris/Oreochromis)+gastropods; minor birds/mammals/reptiles in adults; ontogenetic insects->fish; Tortuguero Lagoon","Malacostraca","Decapoda",NA,"Crustacea","indet",NA,NA,1,"occurrence-FO only; Macrobrachium"
"new_MBI_2016_Bontemps_etal.pdf",72,"Bontemps_et_al_2016_MBI_7_287",2016,"Puerto_Rico","Tortuguero_Lagoon_introduced",NA,NA,NA,"Stomach","Crocodylia","Crocodylia","Caiman","crocodilus",NA,"Caiman crocodilus INTRODUCED/invasive Puerto Rico; stomach contents N=138 (SVL 12-94cm); OCCURRENCE-frequency ONLY (no counts/masses/volume); dominated by aquatic insects (Belostoma)+fish (Eleotris/Oreochromis)+gastropods; minor birds/mammals/reptiles in adults; ontogenetic insects->fish; Tortuguero Lagoon","Mammalia",NA,NA,"Mammalia","indet",NA,NA,1,"occurrence-FO only; minor; adult only ~4% FO"
"new_MBI_2016_Bontemps_etal.pdf",73,"Bontemps_et_al_2016_MBI_7_287",2016,"Puerto_Rico","Tortuguero_Lagoon_introduced",NA,NA,NA,"Stomach","Crocodylia","Crocodylia","Caiman","crocodilus",NA,"Caiman crocodilus INTRODUCED/invasive Puerto Rico; stomach contents N=138 (SVL 12-94cm); OCCURRENCE-frequency ONLY (no counts/masses/volume); dominated by aquatic insects (Belostoma)+fish (Eleotris/Oreochromis)+gastropods; minor birds/mammals/reptiles in adults; ontogenetic insects->fish; Tortuguero Lagoon","Aves",NA,NA,"Aves","indet",NA,NA,1,"occurrence-FO only; minor; adult only ~4% FO"
