"source_file","ref_id","paper","year","evidence_type","specimen_pred","clade_pred","name_pred","pred_femur_l_mm","pred_femur_w_mm","pred_humerus_l_mm","pred_humerus_w_mm","pred_radius_l_mm","pred_tibia_l_mm","pred_tibia_w_mm","pred_dentary_l_mm","pred_skull_l_mm","pred_total_l_mm","pred_other_meas","pred_mass_g","pred_mass_low_g","pred_mass_high_g","pred_mass_method","specimen_prey","clade_prey","name_prey","prey_femur_l_mm","prey_humerus_l_mm","prey_radius_l_mm","prey_ulna_l_mm","prey_tibia_l_mm","prey_fibula_l_mm","prey_dentary_l_mm","prey_skull_l_mm","prey_total_l_mm","prey_other_meas","prey_mass_g","prey_mass_low_g","prey_mass_high_g","prey_mass_method","certainty","notes","page_ref"
"legacy_pre_intake",1,"Hu_et_al_2005_Nature",2005,"gut_content","IVPP V13605","Mammalia_Triconodonta","Repenomamus_robustus",NA,NA,NA,NA,NA,NA,NA,NA,NA,NA,"",5000,4000,6000,"extant_mammal_regression_Damuth_MacFadden_1990","","Ornithischia_Ceratopsia","Psittacosaurus_juvenile",NA,21,18,19,36,35,NA,NA,140,"",NA,NA,NA,"length_in_text","1","juvenile Psittacosaurus partial skeleton in ribcage; head-body length estimated ~140 mm = ~1/3 of R. robustus HB; bones disarticulated/broken so swallowed in chunks","150"
"legacy_pre_intake",2,"Hu_et_al_2005_Nature",2005,"body_size_only","IVPP V14155","Mammalia_Triconodonta","Repenomamus_giganticus",NA,NA,NA,NA,NA,NA,NA,NA,160,1046,"trunk_522mm; tail_preserved_364mm",13000,12000,14000,"extant_mammal_regression_Damuth_MacFadden_1990","","","",NA,NA,NA,NA,NA,NA,NA,NA,NA,"",NA,NA,NA,"1","holotype of new species; head-body 60% longer than R. robustus; skull 50% larger; no gut contents described for this specimen","149",NA
"legacy_pre_intake",3,"Dalsatt_et_al_2006_Naturwissenschaften",2006,"gut_content_crop","IVPP V13313","Aves_Confuciusornithidae","Confuciusornis_sanctus",NA,NA,NA,NA,NA,NA,NA,NA,NA,NA,"",NA,NA,NA,"","","Actinopterygii_Kuyangichthyidae","cf_Jinanichthys",NA,NA,NA,NA,NA,NA,NA,NA,NA,"cluster_dia_6mm; 7-9_vert+ribs",NA,NA,NA,"","1","food remains in alimentary system (probable crop) of C. sanctus; first dietary evidence for any confuciusornithid; fish bones disarticulated/slightly fragmented in spherical cluster ~6 mm; from Jiufotang Fm (Aptian); no mass estimates in paper","445"
"legacy_pre_intake",4,"Kear_2006_BiolLett",2006,"gut_content","AM F87832","Testudines_Protostegidae","cf_Notochelone_sp",NA,NA,NA,NA,NA,NA,NA,NA,NA,NA,"carapace_50-60mm; gastric_mass_20-30mm_thick",NA,NA,NA,"not_estimated","","Bivalvia_Inoceramidae","Inoceramus_or_Anopaea",NA,NA,NA,NA,NA,NA,NA,NA,NA,"shell_fragments_5-20mm_across_up_to_4mm_thick",NA,NA,NA,"not_estimated","1","protostegid turtle with inoceramid bivalve gastric mass; Toolebuc Formation (Upper Albian) Australia; small specimen (carapace ~50-60 mm)","113"
"legacy_pre_intake",5,"Kear_2006_BiolLett",2006,"gut_content","QM F49190","Testudines_Protostegidae","cf_Notochelone_sp",NA,NA,NA,NA,NA,NA,NA,NA,NA,NA,"carapace_50-60mm; gastric_mass_20-30mm_thick",NA,NA,NA,"not_estimated","","Bivalvia_Inoceramidae","Inoceramus_or_Anopaea",NA,NA,NA,NA,NA,NA,NA,NA,NA,"shell_fragments_5-20mm_across",NA,NA,NA,"not_estimated","1","second protostegid turtle specimen, same evidence as AM F87832","113"
"legacy_pre_intake",6,"Kear_2006_BiolLett",2006,"gut_content","SAM P41107","Testudines_Protostegidae","cf_Notochelone_sp",NA,NA,NA,NA,NA,NA,NA,NA,NA,NA,"carapace_50-60mm; gastric_mass_20-30mm_thick",NA,NA,NA,"not_estimated","","Bivalvia_Inoceramidae","Inoceramus_or_Anopaea",NA,NA,NA,NA,NA,NA,NA,NA,NA,"shell_fragments_5-20mm_across",NA,NA,NA,"not_estimated","1","third protostegid turtle specimen","113"
"legacy_pre_intake",7,"Kear_2006_BiolLett",2006,"coprolite","SAM P40364","Testudines_Protostegidae","cf_Notochelone_sp",NA,NA,NA,NA,NA,NA,NA,NA,NA,NA,"",NA,NA,NA,"not_estimated","","Bivalvia_Inoceramidae","Inoceramus_or_Anopaea",NA,NA,NA,NA,NA,NA,NA,NA,NA,"coprolite_50-100mm_total_length",NA,NA,NA,"not_estimated","0.7","coprolite from same deposits with identical inoceramid shell accumulations; provenance to protostegid by analogy with gut contents","114"
"legacy_pre_intake",8,"Kear_2006_BiolLett",2006,"coprolite","SAM P40534","Testudines_Protostegidae","cf_Notochelone_sp",NA,NA,NA,NA,NA,NA,NA,NA,NA,NA,"",NA,NA,NA,"not_estimated","","Bivalvia_Inoceramidae","Inoceramus_or_Anopaea",NA,NA,NA,NA,NA,NA,NA,NA,NA,"coprolite_with_stacked_shell_fragments",NA,NA,NA,"not_estimated","0.7","second coprolite specimen","114"
"legacy_pre_intake",9,"Zhou_et_al_2013_HistBiol",2013,"gut_content+throat","IVPP V17078","Aves_Ornithuromorpha","Piscivoravis_lii",56,NA,74,NA,75,71,NA,NA,NA,NA,"ulna_77; scapula_61; coracoid_35; pubis_63; fibula_33; tmt_35; mc_major_34; mc_minor_34; femur:tibtars=0.79; forelimb:hindlimb=1.14",NA,NA,NA,"not_estimated","","Actinopterygii","fish_indet",NA,NA,NA,NA,NA,NA,NA,NA,NA,"bones_ventral_to_dentary_and_in_stomach",NA,NA,NA,"not_estimated","1","new gen+sp Piscivoravis lii; nearly complete subadult skeleton; food remains preserved in abdominal area + ventral to dentary; piscivorous; Jiufotang Fm (Aptian); no body mass estimate or fish ID given","3"
"legacy_pre_intake",10,"Godoy_et_al_2014_PLoSONE",2014,"gut_content_abdominal","LPRP/USP 0229a","Crocodyliformes_Baurusuchidae","Aplestosuchus_sordidus",NA,NA,NA,NA,NA,NA,NA,NA,NA,1000,"total_length_>1m_skull_to_tailbase",NA,NA,NA,"not_estimated","LPRP/USP 0229b","Crocodyliformes_Sphagesauridae","Sphagesauridae_indet",NA,NA,NA,NA,NA,NA,NA,NA,NA,"isolated_teeth+skull_bones",NA,NA,NA,"not_estimated","1","new gen+sp Aplestosuchus sordidus; nearly complete articulated skeleton; Adamantina Fm (Late K) Brazil; sphagesaurid prey in abdominal cavity = first direct evidence of interspecific predation among crocodyliforms; baurusuchid was apex predator vs lower-trophic sphagesaurid; detailed bone measurements likely beyond page 6 of paper","2"
"legacy_pre_intake",11,"Therrien_et_al_2023_SciAdv",2023,"gut_content","TMP 2009.12.14","Theropoda_Tyrannosauridae","Gorgosaurus_libratus_juvenile",NA,NA,NA,NA,NA,NA,NA,NA,NA,NA,"age_5-7yr; <13%_adult_mass",335000,NA,NA,"femur_length_regression","posterior_Citipes_individual","Theropoda_Caenagnathidae","Citipes_elegans_yearling",NA,NA,NA,NA,NA,NA,NA,NA,NA,"articulated_left_leg+metatarsus_+_caudals; ~45-60%_adult_Citipes_mass; <1yr_old",10500,9000,12000,"extant_predator_prey_regression_calibrated","1","Therrien et al. 2023 Sci Adv; first in situ stomach contents in a tyrannosaur; two Citipes ingested in separate feeding events; posterior individual ingested first (more digested, phalanges disarticulated, bone surface more etched); juvenile Gorgosaurus selectively dismembered prey to ingest hindlimbs only","1"
"legacy_pre_intake",12,"Therrien_et_al_2023_SciAdv",2023,"gut_content","TMP 2009.12.14","Theropoda_Tyrannosauridae","Gorgosaurus_libratus_juvenile",NA,NA,NA,NA,NA,NA,NA,NA,NA,NA,"age_5-7yr",335000,NA,NA,"femur_length_regression","anterior_Citipes_individual","Theropoda_Caenagnathidae","Citipes_elegans_yearling",NA,NA,NA,NA,NA,NA,NA,NA,NA,"both_lower_hindlimbs_articulated; bone_only_tarnished_less_etched=ingested_later",10500,9000,12000,"extant_predator_prey_regression_calibrated","1","second Citipes individual; ingested AFTER posterior individual; remained in stomach for shorter period (less etching); evidence supports ontogenetic dietary shift in tyrannosaurids","1"
"legacy_pre_intake",13,"Molnar_Clifford_2000_JVP",2000,"cololite","QM F18101","Ornithischia_Ankylosauria","Minmi_sp",NA,NA,NA,NA,NA,NA,NA,NA,NA,NA,"first_ankylosaur_cololite; nodular_preservation",NA,NA,NA,"not_estimated","","Plantae","vascular_tissue+seeds+sporangia",NA,NA,NA,NA,NA,NA,NA,NA,NA,"vascular_strands_0.6-2.7mm_long_x_0.2-2.7mm_wide; spheroidal_seed_organs_<=5mm_diam; small_seeds_from_diff_taxon; possible_sporangia",NA,NA,NA,"not_applicable_plant","1","herbivore - included for completeness; suggests cheeks and selective browsing/feeding; plant fragments cut at right angles indicate beak or teeth processing; Toolebuc Fm (Albian) Australia; skeletal measurements in Molnar 1996","194"
"White_etal_2022_Confractosuchus_gut.pdf",14,"White_et_al_2022_GondwanaRes",2022,"gut_content","AODF0890","Crocodyliformes_Neosuchia","Confractosuchus_sauroktonos",NA,NA,NA,NA,NA,NA,NA,NA,285,2500,"skull_width_190mm; subadult; femur+tibia present but incomplete",NA,NA,NA,"PENDING_croc_regression_TL2500mm_skull285mm (femur incomplete; no Campione quad circumference)","AODF0890_abdominal","Ornithischia_Ornithopoda","Ornithopoda_indet_juvenile",NA,NA,NA,NA,43,NA,NA,NA,NA,"tibia_midcirc_10mm; 3 dorsal+2 sacral+3 caudal centra, both proximal femora, L tibia; non-iguanodontian ornithopod juvenile",1350,1000,1700,"Campione_et_al_2014_bipedal_formula","1","1st crocodyliform gut content with a dinosaur; partially-digested juv ornithopod in abdomen; bisected pits + tooth mark + bone fragmentation = crocodylian oral processing; Winton Fm Cenomanian ~95Ma; 2nd croc gut content known (cf Godoy2014 baurusuchid = ref_id 10)","281-302 (prey mass 1.0-1.7kg p.299)"
"PENDING_Wilson_etal_2010_PLoSBiol.pdf",15,"Wilson_et_al_2010_PLoSBiol_8_e1000322",2010,"association_predation","GSI/GC/2901-2906","Serpentes_Madtsoiidae","Sanajeh_indicus",NA,NA,NA,NA,NA,NA,NA,NA,NA,NA,"preserved ~1.5m (incomplete); total length estimate UNCERTAIN - VERIFY in PDF",NA,NA,NA,"PENDING_extract_from_PDF","associated_hatchling","Sauropoda_Titanosauria","Titanosauria_hatchling_indet",NA,NA,NA,NA,NA,NA,NA,NA,500,NA,NA,NA,NA,"PENDING_Campione_from_PDF","0.9","FROM LITERATURE - PDF NOT IN REPO; verify ALL numbers vs Wilson et al 2010 PLoS Biol. Basal snake coiled around titanosaur egg clutch + ~0.5m hatchling; ASSOCIATION/predation tableau, NOT gut content. High-PPMR snake-eats-large-hatchling case. Masses + snake total length PENDING.","PDF not in repo"
"Qiu_etal_2025_NSR_Huadanosaurus_gut.pdf",16,"Qiu_et_al_2025_NSR_12_nwaf068",2025,"gut_content","IVPP V 14202","Theropoda_Sinosauropterygidae","Huadanosaurus_sinensis",105.69,NA,NA,NA,NA,NA,NA,NA,100.59,NA,"compsognathid-like; body size ~ juvenile Sinosauropteryx; femur 105.69mm, skull 100.59mm; no total length/mass given",NA,NA,NA,"PENDING_Benson_from_femur_105.69mm","IVPP V 14202 abdominal (dorsal patch)","Mammalia_Eutriconodonta","Gobiconodontidae_indet_cf_Meemannodon",NA,NA,NA,NA,NA,NA,NA,NA,NA,NA,NA,NA,NA,"PENDING (no measurements in main text; check Fig S5)","1","1 of 2 mammals in Huadanosaurus abdomen; ROBUST eutriconodont (gobiconodontid-like, cf Meemannodon lujiatunensis), dorsal patch, head posteriorly directed, swallowed whole; 'prey much smaller than itself'; smooth bone (not long in stomach)","nwaf068 p.7"
"Qiu_etal_2025_NSR_Huadanosaurus_gut.pdf",17,"Qiu_et_al_2025_NSR_12_nwaf068",2025,"gut_content","IVPP V 14202","Theropoda_Sinosauropterygidae","Huadanosaurus_sinensis",105.69,NA,NA,NA,NA,NA,NA,NA,100.59,NA,"compsognathid-like; body size ~ juvenile Sinosauropteryx; femur 105.69mm, skull 100.59mm; no total length/mass given",NA,NA,NA,"PENDING_Benson_from_femur_105.69mm","IVPP V 14202 abdominal (ventral patch)","Mammalia_Eutheria","Eutheria_indet_arboreal",NA,NA,NA,NA,NA,NA,NA,NA,NA,NA,NA,NA,NA,"PENDING (no measurements in main text; check Fig S5)","1","2 of 2 mammals in Huadanosaurus abdomen; GRACILE eutherian (likely arboreal/scansorial), ventral patch, opposite orientation; swallowed whole; same predator IVPP V 14202","nwaf068 p.7"
