"file","path","category","format","size_kb","obstype_hint","status","target_table","n_obs","ref_ids","date_added","date_processed","notes"
"new_Body_size_measurements_and_stomach_contents_of_Alligator_mississippiensis_on_Jekyll_Island__Georgia.xlsx","pdfs/_processed/extant_data/new_Body_size_measurements_and_stomach_contents_of_Alligator_mississippiensis_on_Jekyll_Island__Georgia.xlsx","extant_data","xlsx","14","gut","done","data/structured/gator_jekyll_stomach.csv","69","","2026-05-29","2026-05-29","croc GUT; 27 gators; predator mass needs TL->mass regression"
"new_RaptorDiets_Metadata.csv","pdfs/_processed/extant_data/new_RaptorDiets_Metadata.csv","extant_data","csv","650","pellet+gut(mixed)","structured","data/structured/raptor_diets_long.csv","3538","","2026-05-29","2026-05-29","RaptorDiets DB; mostly pellets; gut subset in raptor_diets_gut.csv; masses pending AVONET"
"new_RaptorDiets.csv","pdfs/_processed/extant_data/new_RaptorDiets.csv","extant_data","csv","5716","pellet+gut(mixed)","structured","data/structured/raptor_diets_long.csv","58533","","2026-05-29","2026-05-29","RaptorDiets DB; mostly pellets; gut subset in raptor_diets_gut.csv; masses pending AVONET"
"TuckerDatabaseJEB.xlsx","pdfs/_processed/extant_data/TuckerDatabaseJEB.xlsx","extant_data","xlsx","81","compiled_mean","structured","data/structured/tucker2016_mammal_ppmr.csv","107","","2026-05-29","2026-05-29","Tucker et al 2016 supplement: 114 carnivorous mammal spp (terr+marine), species-mean predator/prey mass (log10 kg -> ppmr_ln); compiled means, not gut-specific"
"10605-34203-1-SM.pdf","pdfs/extant_to_ingest/toadd/10605-34203-1-SM.pdf","extant_pdf","pdf","994","unknown","queued","",NA,"","2026-05-29","",""
"2017_Biawak.pdf","pdfs/extant_to_ingest/ai_found/2017_Biawak.pdf","extant_pdf","pdf","4606","unknown","queued","",NA,"","2026-05-29","",""
"302pythonsinthepergola.pdf","pdfs/extant_to_ingest/ai_found/302pythonsinthepergola.pdf","extant_pdf","pdf","162","unknown","queued","",NA,"","2026-05-29","",""
"31999.pdf","pdfs/extant_to_ingest/literature/31999.pdf","extant_pdf","pdf","3301","unknown","queued","",NA,"","2026-05-29","",""
"AfricanOwlBodySizes.pdf","pdfs/extant_to_ingest/toadd/AfricanOwlBodySizes.pdf","extant_pdf","pdf","55","pellet","queued","",NA,"","2026-05-29","",""
"Alligator_Diet_in_Relation_to_Alligator (1).pdf","pdfs/extant_to_ingest/ai_found/Alligator_Diet_in_Relation_to_Alligator (1).pdf","extant_pdf","pdf","307","unknown","queued","",NA,"","2026-05-29","",""
"AllVaranus_NoTables_But_Lots_of_Sources.pdf","pdfs/extant_to_ingest/toadd/AllVaranus_NoTables_But_Lots_of_Sources.pdf","extant_pdf","pdf","308","unknown","queued","",NA,"","2026-05-29","",""
"Ameiva_exsul.pdf","pdfs/extant_to_ingest/toadd/Ameiva_exsul.pdf","extant_pdf","pdf","469","unknown","queued","",NA,"","2026-05-29","",""
"ameivadiet.pdf","pdfs/extant_to_ingest/toadd/ameivadiet.pdf","extant_pdf","pdf","1306","unknown","queued","",NA,"","2026-05-29","",""
"ancedote_burmesepython.pdf","pdfs/extant_to_ingest/ai_found/ancedote_burmesepython.pdf","extant_pdf","pdf","18537","unknown","queued","",NA,"","2026-05-29","",""
"Athenecunicularia_Argentina_nopreytable.pdf","pdfs/extant_to_ingest/toadd/Athenecunicularia_Argentina_nopreytable.pdf","extant_pdf","pdf","316","unknown","queued","",NA,"","2026-05-29","",""
"Avrahami et al.. 2018 Mussentuchit microverts.pdf","pdfs/extant_to_ingest/toadd/Avrahami et al.. 2018 Mussentuchit microverts.pdf","extant_pdf","pdf","10862","unknown","queued","",NA,"","2026-05-29","",""
"BaldEagleAlaska2.pdf","pdfs/extant_to_ingest/toadd/BaldEagleAlaska2.pdf","extant_pdf","pdf","630","unknown","queued","",NA,"","2026-05-29","",""
"BaldEagleFOSSILCalifornia.pdf","pdfs/extant_to_ingest/toadd/BaldEagleFOSSILCalifornia.pdf","extant_pdf","pdf","1468","unknown","queued","",NA,"","2026-05-29","",""
"BaldEagleNovaScotia.pdf","pdfs/extant_to_ingest/toadd/BaldEagleNovaScotia.pdf","extant_pdf","pdf","523","unknown","queued","",NA,"","2026-05-29","",""
"BarnOwlLittleOwlGreece.pdf","pdfs/extant_to_ingest/toadd/BarnOwlLittleOwlGreece.pdf","extant_pdf","pdf","173","pellet","queued","",NA,"","2026-05-29","",""
"BarnOwlOhio.pdf","pdfs/extant_to_ingest/toadd/BarnOwlOhio.pdf","extant_pdf","pdf","622","pellet","queued","",NA,"","2026-05-29","",""
"BarnOwlOregon.pdf","pdfs/extant_to_ingest/toadd/BarnOwlOregon.pdf","extant_pdf","pdf","379","pellet","queued","",NA,"","2026-05-29","",""
"BarredMeta.pdf","pdfs/extant_to_ingest/toadd/BarredMeta.pdf","extant_pdf","pdf","573","unknown","queued","",NA,"","2026-05-29","",""
"BobcatArkansas.pdf","pdfs/extant_to_ingest/toadd/BobcatArkansas.pdf","extant_pdf","pdf","966","unknown","queued","",NA,"","2026-05-29","",""
"BobcatVermont.pdf","pdfs/extant_to_ingest/toadd/BobcatVermont.pdf","extant_pdf","pdf","829","unknown","queued","",NA,"","2026-05-29","",""
"BuboUtah.pdf","pdfs/extant_to_ingest/toadd/BuboUtah.pdf","extant_pdf","pdf","150","unknown","queued","",NA,"","2026-05-29","",""
"Bufo.pdf","pdfs/extant_to_ingest/toadd/Bufo.pdf","extant_pdf","pdf","229","unknown","queued","",NA,"","2026-05-29","",""
"BurrowingOwlSDakota.pdf","pdfs/extant_to_ingest/toadd/BurrowingOwlSDakota.pdf","extant_pdf","pdf","338","pellet","queued","",NA,"","2026-05-29","",""
"CaimansBrazil1999.pdf","pdfs/extant_to_ingest/toadd/CaimansBrazil1999.pdf","extant_pdf","pdf","688","unknown","queued","",NA,"","2026-05-29","",""
"CaimansPeru.pdf","pdfs/extant_to_ingest/toadd/CaimansPeru.pdf","extant_pdf","pdf","329","unknown","queued","",NA,"","2026-05-29","",""
"CameroonTytoBubo.pdf","pdfs/extant_to_ingest/toadd/CameroonTytoBubo.pdf","extant_pdf","pdf","119","pellet","queued","",NA,"","2026-05-29","",""
"Cerdocyon_diet_TEGU.pdf","pdfs/extant_to_ingest/toadd/Cerdocyon_diet_TEGU.pdf","extant_pdf","pdf","658","unknown","queued","",NA,"","2026-05-29","",""
"Competitive_release_in_diets_of_ocelot_L.pdf","pdfs/extant_to_ingest/toadd/Competitive_release_in_diets_of_ocelot_L.pdf","extant_pdf","pdf","173","unknown","queued","",NA,"","2026-05-29","",""
"Consumption_of_an_adult_Puma_yagouaround.pdf","pdfs/extant_to_ingest/toadd/Consumption_of_an_adult_Puma_yagouaround.pdf","extant_pdf","pdf","574","unknown","queued","",NA,"","2026-05-29","",""
"CT_data_digitize.PNG","pdfs/extant_to_ingest/literature/CT_data_digitize.PNG","extant_pdf","png","313","unknown","queued","",NA,"","2026-05-29","",""
"Diet_of_margay_Leopardus_wiedii_and_jagu.pdf","pdfs/extant_to_ingest/toadd/Diet_of_margay_Leopardus_wiedii_and_jagu.pdf","extant_pdf","pdf","218","unknown","queued","",NA,"","2026-05-29","",""
"Diet_of_two_sympatric_felids_Leopardus_g.pdf","pdfs/extant_to_ingest/toadd/Diet_of_two_sympatric_felids_Leopardus_g.pdf","extant_pdf","pdf","274","unknown","queued","",NA,"","2026-05-29","",""
"Diets_of_three_sympatric_Neotropical_sma.pdf","pdfs/extant_to_ingest/toadd/Diets_of_three_sympatric_Neotropical_sma.pdf","extant_pdf","pdf","1640","unknown","queued","",NA,"","2026-05-29","",""
"Dingo1983.pdf","pdfs/extant_to_ingest/toadd/Dingo1983.pdf","extant_pdf","pdf","16043","unknown","queued","",NA,"","2026-05-29","",""
"Dingo1987.pdf","pdfs/extant_to_ingest/toadd/Dingo1987.pdf","extant_pdf","pdf","1568","unknown","queued","",NA,"","2026-05-29","",""
"Dingo1989.pdf","pdfs/extant_to_ingest/toadd/Dingo1989.pdf","extant_pdf","pdf","771","unknown","queued","",NA,"","2026-05-29","",""
"DingoFoxCat.pdf","pdfs/extant_to_ingest/toadd/DingoFoxCat.pdf","extant_pdf","pdf","534","unknown","queued","",NA,"","2026-05-29","",""
"DingoFraserIsland.pdf","pdfs/extant_to_ingest/toadd/DingoFraserIsland.pdf","extant_pdf","pdf","2152","unknown","queued","",NA,"","2026-05-29","",""
"DingoNEAustralia.pdf","pdfs/extant_to_ingest/toadd/DingoNEAustralia.pdf","extant_pdf","pdf","122","unknown","queued","",NA,"","2026-05-29","",""
"DingoSEAustralia.pdf","pdfs/extant_to_ingest/toadd/DingoSEAustralia.pdf","extant_pdf","pdf","423","unknown","queued","",NA,"","2026-05-29","",""
"empircal_histograms.pdf","pdfs/extant_to_ingest/toadd/empircal_histograms.pdf","extant_pdf","pdf","5","unknown","queued","",NA,"","2026-05-29","",""
"ErmineNewBrunswick.pdf","pdfs/extant_to_ingest/toadd/ErmineNewBrunswick.pdf","extant_pdf","pdf","69","unknown","queued","",NA,"","2026-05-29","",""
"ErmineSweden.pdf","pdfs/extant_to_ingest/toadd/ErmineSweden.pdf","extant_pdf","pdf","1855","unknown","queued","",NA,"","2026-05-29","",""
"EuropeanOwls.pdf","pdfs/extant_to_ingest/toadd/EuropeanOwls.pdf","extant_pdf","pdf","3261","pellet","queued","",NA,"","2026-05-29","",""
"EuropeanOwlsENG.pdf","pdfs/extant_to_ingest/toadd/EuropeanOwlsENG.pdf","extant_pdf","pdf","3261","pellet","queued","",NA,"","2026-05-29","",""
"Falcofemoralis_Chihuahua.pdf","pdfs/extant_to_ingest/toadd/Falcofemoralis_Chihuahua.pdf","extant_pdf","pdf","793","unknown","queued","",NA,"","2026-05-29","",""
"Feeding_ecology_of_carnivores_Mammalia_C.pdf","pdfs/extant_to_ingest/toadd/Feeding_ecology_of_carnivores_Mammalia_C.pdf","extant_pdf","pdf","720","unknown","queued","",NA,"","2026-05-29","",""
"Feeding_interactions_in_an_assemblage_of.pdf","pdfs/extant_to_ingest/toadd/Feeding_interactions_in_an_assemblage_of.pdf","extant_pdf","pdf","5314","unknown","queued","",NA,"","2026-05-29","",""
"Feline_predator-prey_relationships_in_a.pdf","pdfs/extant_to_ingest/toadd/Feline_predator-prey_relationships_in_a.pdf","extant_pdf","pdf","484","unknown","queued","",NA,"","2026-05-29","",""
"FeralFerret.pdf","pdfs/extant_to_ingest/toadd/FeralFerret.pdf","extant_pdf","pdf","4546","unknown","queued","",NA,"","2026-05-29","",""
"fig.pdf","pdfs/extant_to_ingest/toadd/fig.pdf","extant_pdf","pdf","7","unknown","queued","",NA,"","2026-05-29","",""
"FisherMaine.pdf","pdfs/extant_to_ingest/toadd/FisherMaine.pdf","extant_pdf","pdf","1385","unknown","queued","",NA,"","2026-05-29","",""
"FisherSierraNevada.pdf","pdfs/extant_to_ingest/toadd/FisherSierraNevada.pdf","extant_pdf","pdf","384","unknown","queued","",NA,"","2026-05-29","",""
"Food_habits_of_ocelots_and_potential_for.pdf","pdfs/extant_to_ingest/toadd/Food_habits_of_ocelots_and_potential_for.pdf","extant_pdf","pdf","232","unknown","queued","",NA,"","2026-05-29","",""
"FossilOwl.pdf","pdfs/extant_to_ingest/toadd/FossilOwl.pdf","extant_pdf","pdf","2122","pellet","queued","",NA,"","2026-05-29","",""
"fourOwls_massesANDnumbers!.pdf","pdfs/extant_to_ingest/toadd/fourOwls_massesANDnumbers!.pdf","extant_pdf","pdf","884","pellet","queued","",NA,"","2026-05-29","",""
"FoxesWisconsin.pdf","pdfs/extant_to_ingest/toadd/FoxesWisconsin.pdf","extant_pdf","pdf","440","unknown","queued","",NA,"","2026-05-29","",""
"Functional Ecology - 2002 - Shine - The influence of sex and body size on food habits of a giant tropical snake  Python.pdf","pdfs/extant_to_ingest/ai_found/Functional Ecology - 2002 - Shine - The influence of sex and body size on food habits of a giant tropical snake  Python.pdf","extant_pdf","pdf","335","unknown","queued","",NA,"","2026-05-29","",""
"GlaucidiumpasserinumSize.pdf","pdfs/extant_to_ingest/toadd/GlaucidiumpasserinumSize.pdf","extant_pdf","pdf","1230","unknown","queued","",NA,"","2026-05-29","",""
"GoldenEagleNA.pdf","pdfs/extant_to_ingest/toadd/GoldenEagleNA.pdf","extant_pdf","pdf","504","unknown","queued","",NA,"","2026-05-29","",""
"GoldenEagleTXNM.pdf","pdfs/extant_to_ingest/toadd/GoldenEagleTXNM.pdf","extant_pdf","pdf","1357","unknown","queued","",NA,"","2026-05-29","",""
"GopherSnakePituophis.pdf","pdfs/extant_to_ingest/toadd/GopherSnakePituophis.pdf","extant_pdf","pdf","3260","unknown","queued","",NA,"","2026-05-29","",""
"GrayFoxBobcatCoyote.pdf","pdfs/extant_to_ingest/toadd/GrayFoxBobcatCoyote.pdf","extant_pdf","pdf","196","unknown","queued","",NA,"","2026-05-29","",""
"GrizzlyMontana.pdf","pdfs/extant_to_ingest/toadd/GrizzlyMontana.pdf","extant_pdf","pdf","1403","unknown","queued","",NA,"","2026-05-29","",""
"GrizzlyMontana2.pdf","pdfs/extant_to_ingest/toadd/GrizzlyMontana2.pdf","extant_pdf","pdf","1114","unknown","queued","",NA,"","2026-05-29","",""
"GrizzlyYellowstone2.pdf","pdfs/extant_to_ingest/toadd/GrizzlyYellowstone2.pdf","extant_pdf","pdf","1078","unknown","queued","",NA,"","2026-05-29","",""
"Hieraaetus.pdf","pdfs/extant_to_ingest/toadd/Hieraaetus.pdf","extant_pdf","pdf","336","unknown","queued","",NA,"","2026-05-29","",""
"High_consumption_of_primates_by_pumas_an.pdf","pdfs/extant_to_ingest/toadd/High_consumption_of_primates_by_pumas_an.pdf","extant_pdf","pdf","997","unknown","queued","",NA,"","2026-05-29","",""
"HJ_v16_n3_a07.pdf","pdfs/extant_to_ingest/toadd/HJ_v16_n3_a07.pdf","extant_pdf","pdf","66","unknown","queued","",NA,"","2026-05-29","",""
"HyaenaLions.pdf","pdfs/extant_to_ingest/toadd/HyaenaLions.pdf","extant_pdf","pdf","149","unknown","queued","",NA,"","2026-05-29","",""
"INTAKE.md","pdfs/INTAKE.md","extant_pdf","md","3","unknown","queued","",NA,"","2026-05-29","",""
"Intraspecific_interspecific_and_seasonal.pdf","pdfs/extant_to_ingest/toadd/Intraspecific_interspecific_and_seasonal.pdf","extant_pdf","pdf","330","unknown","queued","",NA,"","2026-05-29","",""
"j.1469-7998.2009.00565.x.pdf","pdfs/extant_to_ingest/toadd/j.1469-7998.2009.00565.x.pdf","extant_pdf","pdf","235","unknown","queued","",NA,"","2026-05-29","",""
"JaguarPumaMexico.pdf","pdfs/extant_to_ingest/toadd/JaguarPumaMexico.pdf","extant_pdf","pdf","91","unknown","queued","",NA,"","2026-05-29","",""
"jebelowls.pdf","pdfs/extant_to_ingest/toadd/jebelowls.pdf","extant_pdf","pdf","7","pellet","queued","",NA,"","2026-05-29","",""
"jessop-komododragons-inpress-2020.pdf","pdfs/extant_to_ingest/ai_found/jessop-komododragons-inpress-2020.pdf","extant_pdf","pdf","797","unknown","queued","",NA,"","2026-05-29","",""
"Journal of Animal Ecology - 2019 - Glaudas - Foraging mode  relative prey size and diet breadth  A phylogenetically.pdf","pdfs/extant_to_ingest/ai_found/Journal of Animal Ecology - 2019 - Glaudas - Foraging mode  relative prey size and diet breadth  A phylogenetically.pdf","extant_pdf","pdf","885","observation","queued","",NA,"","2026-05-29","",""
"KestrelChina.pdf","pdfs/extant_to_ingest/toadd/KestrelChina.pdf","extant_pdf","pdf","167","unknown","queued","",NA,"","2026-05-29","",""
"Lanius_excubitor.pdf","pdfs/extant_to_ingest/toadd/Lanius_excubitor.pdf","extant_pdf","pdf","407","unknown","queued","",NA,"","2026-05-29","",""
"Lanius_excubitordiet-.pdf","pdfs/extant_to_ingest/toadd/Lanius_excubitordiet-.pdf","extant_pdf","pdf","279","unknown","queued","",NA,"","2026-05-29","",""
"LeastWeaselII.pdf","pdfs/extant_to_ingest/toadd/LeastWeaselII.pdf","extant_pdf","pdf","5430","unknown","queued","",NA,"","2026-05-29","",""
"LeopardTiger.pdf","pdfs/extant_to_ingest/toadd/LeopardTiger.pdf","extant_pdf","pdf","1084","unknown","queued","",NA,"","2026-05-29","",""
"Leopardus.pdf","pdfs/extant_to_ingest/toadd/Leopardus.pdf","extant_pdf","pdf","274","unknown","queued","",NA,"","2026-05-29","",""
"logpredictedmasses.pdf","pdfs/extant_to_ingest/toadd/logpredictedmasses.pdf","extant_pdf","pdf","5","unknown","queued","",NA,"","2026-05-29","",""
"Loso08Varanus.pdf","pdfs/extant_to_ingest/toadd/Loso08Varanus.pdf","extant_pdf","pdf","2006","unknown","queued","",NA,"","2026-05-29","",""
"LynxNewfoundland.pdf","pdfs/extant_to_ingest/toadd/LynxNewfoundland.pdf","extant_pdf","pdf","1094","unknown","queued","",NA,"","2026-05-29","",""
"ManedWolf2001.pdf","pdfs/extant_to_ingest/toadd/ManedWolf2001.pdf","extant_pdf","pdf","80","unknown","queued","",NA,"","2026-05-29","",""
"ManedWolfBrazil.pdf","pdfs/extant_to_ingest/toadd/ManedWolfBrazil.pdf","extant_pdf","pdf","82","unknown","queued","",NA,"","2026-05-29","",""
"ManedWolfBrazil1996.pdf","pdfs/extant_to_ingest/toadd/ManedWolfBrazil1996.pdf","extant_pdf","pdf","531","unknown","queued","",NA,"","2026-05-29","",""
"MartenNewBrunswick.pdf","pdfs/extant_to_ingest/toadd/MartenNewBrunswick.pdf","extant_pdf","pdf","878","unknown","queued","",NA,"","2026-05-29","",""
"MartenOntario.pdf","pdfs/extant_to_ingest/toadd/MartenOntario.pdf","extant_pdf","pdf","924","unknown","queued","",NA,"","2026-05-29","",""
"MartenVancouverIs.pdf","pdfs/extant_to_ingest/toadd/MartenVancouverIs.pdf","extant_pdf","pdf","652","unknown","queued","",NA,"","2026-05-29","",""
"MexicanWolfCoyote.pdf","pdfs/extant_to_ingest/toadd/MexicanWolfCoyote.pdf","extant_pdf","pdf","208","unknown","queued","",NA,"","2026-05-29","",""
"Micrastur_Guatemala_wMass.pdf","pdfs/extant_to_ingest/toadd/Micrastur_Guatemala_wMass.pdf","extant_pdf","pdf","778","unknown","queued","",NA,"","2026-05-29","",""
"MinkManitoba.pdf","pdfs/extant_to_ingest/toadd/MinkManitoba.pdf","extant_pdf","pdf","281","unknown","queued","",NA,"","2026-05-29","",""
"MinkMichigan.pdf","pdfs/extant_to_ingest/toadd/MinkMichigan.pdf","extant_pdf","pdf","1097","unknown","queued","",NA,"","2026-05-29","",""
"MinkMissouri.pdf","pdfs/extant_to_ingest/toadd/MinkMissouri.pdf","extant_pdf","pdf","375","unknown","queued","",NA,"","2026-05-29","",""
"MinkOtterDevon.pdf","pdfs/extant_to_ingest/toadd/MinkOtterDevon.pdf","extant_pdf","pdf","1894","unknown","queued","",NA,"","2026-05-29","",""
"MinkPatagonia.pdf","pdfs/extant_to_ingest/toadd/MinkPatagonia.pdf","extant_pdf","pdf","861","unknown","queued","",NA,"","2026-05-29","",""
"new_113sexualdimorphism.pdf","pdfs/_processed/extant_pdf/new_113sexualdimorphism.pdf","extant_pdf","pdf","928","gut","done","data/extant_new_observations.csv","7","49-55","2026-05-29","2026-05-29","Acrochordus arafurae piscivorous Serpentes; sexual PPMR divergence (F large/M small prey); fish masses->FishBase"
"new_2026.03.28.714998v1.full.pdf","pdfs/_processed/extant_pdf/new_2026.03.28.714998v1.full.pdf","extant_pdf","pdf","322","reference/SOURCE of RaptorDiets","done","data/structured/raptor_diets_long.csv (already ingested via x10)","0","","2026-05-29","2026-05-29","OS-Prey database descriptor (Uiterwaal et al 2026 bioRxiv) = SOURCE pub of new_RaptorDiets.csv/_Metadata.csv already ingested via x10. DO NOT re-ingest. 3538 diet records/173 raptor spp/5206 prey taxa; methods incl stomach/gullet/pellets/remains/obs/DNA."
"new_animals-14-02610.pdf","pdfs/_processed/extant_pdf/new_animals-14-02610.pdf","extant_pdf","pdf","3592","gut","done","data/extant_new_observations.csv","5","56-60","2026-05-29","2026-05-29","Crocodylus moreletii hatchlings; 5th extant croc sp; OCCURRENCE-based (no masses); tiny invert prey + minor fish/birds; prey-spectrum only"
"new_Diet_2008.pdf","pdfs/_processed/extant_pdf/new_Diet_2008.pdf","extant_pdf","pdf","1210","gut","done","data/extant_new_observations.csv","7","61-67","2026-05-29","2026-05-29","Crocodylus niloticus Okavango; 6th extant croc sp; OCCURRENCE-based (no masses); fish-dominated subadults; stomach load 0.1-0.45% body mass; prey-spectrum only"
"new_Diet_analysis_in_piscivorous_birds_What_can_the_ad.pdf","pdfs/_processed/extant_pdf/new_Diet_analysis_in_piscivorous_birds_What_can_the_ad.pdf","extant_pdf","pdf","829","methods/reference","done","data/observation_bias_notes.md","0","","2026-05-29","2026-05-29","Oehm et al 2017 cormorant diet METHODS (pellet/feces/regurgitate; morph vs DNA); no PPMR rows; implications in observation_bias_notes.md (obstype=process; digestion-erosion = extant analog of fossil preservation bias, calibratable; secondary predation; bird diet via pellets)"
"new_HJ07-1_pp1-5 The diet of the four-lined snake (Elaphe quatuorlineata) in Mediterranean central Italy.pdf","pdfs/_processed/extant_pdf/new_HJ07-1_pp1-5 The diet of the four-lined snake (Elaphe quatuorlineata) in Mediterranean central Italy.pdf","extant_pdf","pdf","471","gut+scat","done","data/extant_new_observations.csv","8","16-23","2026-05-29","2026-05-29","Elaphe quatuorlineata; Squamata stomach PPMR (Table2) + 1 faeces lizard row"
"new_HJ07-2_pp67-70 Notes on the food habits of Coluber hippocrepis nigrescens from Pantelleria Island a snake that feeds on both carrion and living prey.pdf","pdfs/_processed/extant_pdf/new_HJ07-2_pp67-70 Notes on the food habits of Coluber hippocrepis nigrescens from Pantelleria Island a snake that feeds on both carrion and living prey.pdf","extant_pdf","pdf","563","gut+scat","done","data/extant_new_observations.csv","4","24-27","2026-05-29","2026-05-29","Hemorrhois hippocrepis Pantelleria; Squamata stomach; prey masses->mass layer; carrion-feeder"
"new_J of Evolutionary Biology - 2016 - Tucker - Revisiting the cost of carnivory in mammals.pdf","pdfs/_processed/extant_pdf/new_J of Evolutionary Biology - 2016 - Tucker - Revisiting the cost of carnivory in mammals.pdf","extant_pdf","pdf","270","reference/compilation","done","data/external_data_wanted.md (supplement to obtain)","0","","2026-05-29","2026-05-29","Tucker et al 2016: compiled predator-prey mass for 107 carnivorous mammals; RAW data in online supplement (not in PDF) -> OBTAIN (external_data_wanted.md). Patterns: terr break ~11kg, large terr ~45% body mass (logPPMR ~-0.8), marine small prey."
"new_KingsnakeFeedingEcologyWiseman_etal_2019.pdf","pdfs/_processed/extant_pdf/new_KingsnakeFeedingEcologyWiseman_etal_2019.pdf","extant_pdf","pdf","4554","gut","done","data/extant_new_observations.csv","7","42-48","2026-05-29","2026-05-29","Lampropeltis californiae kingsnake; Serpentes; ophiophagous; per-type masses from Table2 biomass/freq; aggregate rel prey mass 0.24"
"new_MBI_2016_Bontemps_etal.pdf","pdfs/_processed/extant_pdf/new_MBI_2016_Bontemps_etal.pdf","extant_pdf","pdf","799","gut","done","data/extant_new_observations.csv","6","68-73","2026-05-29","2026-05-29","Caiman crocodilus introduced Puerto Rico; OCCURRENCE-FO only (no masses); insect/fish/gastropod diet; prey-spectrum only"
"new_platt2013.pdf","pdfs/_processed/extant_pdf/new_platt2013.pdf","extant_pdf","pdf","410","gut","done","data/extant_new_observations.csv","9","28-36","2026-05-29","2026-05-29","Crocodylus acutus marine Belize; OCCURRENCE-based (no paired masses); 4th extant croc sp; prey-spectrum only"
"new_rodriguez-robles_2002.pdf","pdfs/_processed/extant_pdf/new_rodriguez-robles_2002.pdf","extant_pdf","pdf","3299","gut","done","data/extant_new_observations.csv","5","37-41","2026-05-29","2026-05-29","Pituophis catenifer gopher snake REVIEW; Serpentes; aggregate rel prey mass 0.21 (logPPMR -1.56); category counts, masses->mass layer"
"new_rspb20142103.pdf","pdfs/_processed/extant_pdf/new_rspb20142103.pdf","extant_pdf","pdf","1299","reference/DUPLICATE-dataset","done","data/structured/tucker2016_mammal_ppmr.csv (SAME 107-spp data; already ingested)","0","","2026-05-29","2026-05-29","Tucker & Rogers 2014 ProcRSocB = SOURCE pub of the 107-spp mammal predator-prey mass dataset already ingested from Tucker 2016 supplement. DO NOT re-ingest (double-count). Finding: marine carnivores +1.3 trophic levels, larger PP ratios than terrestrial."
"new_The_Avian_Diet_Database_as_a_source_of_quantitativ.pdf","pdfs/_processed/extant_pdf/new_The_Avian_Diet_Database_as_a_source_of_quantitativ.pdf","extant_pdf","pdf","811","stomach-dominant(mixed)","structured","data/structured/aviandiet_long.csv","73049","","2026-05-29","2026-05-29","Avian Diet Database INGESTED (aviandietdb R export): 73049 records; ~50k GUT-equivalent (stomach/crop/esophagus/emetic) across many bird spp; gut subset in aviandiet_gut.csv; masses pending AVONET"
"NileCrocodileBotswana.pdf","pdfs/extant_to_ingest/toadd/NileCrocodileBotswana.pdf","extant_pdf","pdf","232","unknown","queued","",NA,"","2026-05-29","",""
"Ninoxnatalis_nopreymasses.pdf","pdfs/extant_to_ingest/toadd/Ninoxnatalis_nopreymasses.pdf","extant_pdf","pdf","102","unknown","queued","",NA,"","2026-05-29","",""
"ninoxnovaeseelandiaePureora.pdf","pdfs/extant_to_ingest/toadd/ninoxnovaeseelandiaePureora.pdf","extant_pdf","pdf","651","unknown","queued","",NA,"","2026-05-29","",""
"NinoxnovahollandaeBodyMass.pdf","pdfs/extant_to_ingest/toadd/NinoxnovahollandaeBodyMass.pdf","extant_pdf","pdf","230","unknown","queued","",NA,"","2026-05-29","",""
"Ninoxrufa_preymassestimates.pdf","pdfs/extant_to_ingest/toadd/Ninoxrufa_preymassestimates.pdf","extant_pdf","pdf","367","unknown","queued","",NA,"","2026-05-29","",""
"Ninoxsquamipila_nopreymassesallinsects.pdf","pdfs/extant_to_ingest/toadd/Ninoxsquamipila_nopreymassesallinsects.pdf","extant_pdf","pdf","222","unknown","queued","",NA,"","2026-05-29","",""
"Ninoxstrenua_Australia_nomasses.pdf","pdfs/extant_to_ingest/toadd/Ninoxstrenua_Australia_nomasses.pdf","extant_pdf","pdf","227","unknown","queued","",NA,"","2026-05-29","",""
"Ocelot_ecology_and_its_effect_on_the_sma.pdf","pdfs/extant_to_ingest/toadd/Ocelot_ecology_and_its_effect_on_the_sma.pdf","extant_pdf","pdf","1101","unknown","queued","",NA,"","2026-05-29","",""
"OcelotandFriends.pdf","pdfs/extant_to_ingest/toadd/OcelotandFriends.pdf","extant_pdf","pdf","330","unknown","queued","",NA,"","2026-05-29","",""
"OsteolamusVaranus_Diets.pdf","pdfs/extant_to_ingest/toadd/OsteolamusVaranus_Diets.pdf","extant_pdf","pdf","236","unknown","queued","",NA,"","2026-05-29","",""
"OtterAlaska.pdf","pdfs/extant_to_ingest/toadd/OtterAlaska.pdf","extant_pdf","pdf","1542","unknown","queued","",NA,"","2026-05-29","",""
"OtterArkansas.pdf","pdfs/extant_to_ingest/toadd/OtterArkansas.pdf","extant_pdf","pdf","1136","unknown","queued","",NA,"","2026-05-29","",""
"OtterCalifornia.pdf","pdfs/extant_to_ingest/toadd/OtterCalifornia.pdf","extant_pdf","pdf","502","unknown","queued","",NA,"","2026-05-29","",""
"OtterOregon.pdf","pdfs/extant_to_ingest/toadd/OtterOregon.pdf","extant_pdf","pdf","705","unknown","queued","",NA,"","2026-05-29","",""
"OtterPteronura.pdf","pdfs/extant_to_ingest/toadd/OtterPteronura.pdf","extant_pdf","pdf","1934","unknown","queued","",NA,"","2026-05-29","",""
"PeregrineGreenland.pdf","pdfs/extant_to_ingest/toadd/PeregrineGreenland.pdf","extant_pdf","pdf","1316","unknown","queued","",NA,"","2026-05-29","",""
"PeregrineRankin.pdf","pdfs/extant_to_ingest/toadd/PeregrineRankin.pdf","extant_pdf","pdf","198","unknown","queued","",NA,"","2026-05-29","",""
"Phrynosoma.pdf","pdfs/extant_to_ingest/toadd/Phrynosoma.pdf","extant_pdf","pdf","775","unknown","queued","",NA,"","2026-05-29","",""
"PIIS0960982222019868.pdf","pdfs/extant_to_ingest/literature/PIIS0960982222019868.pdf","extant_pdf","pdf","4520","unknown","queued","",NA,"","2026-05-29","",""
"PineMartenColorado.pdf","pdfs/extant_to_ingest/toadd/PineMartenColorado.pdf","extant_pdf","pdf","232","unknown","queued","",NA,"","2026-05-29","",""
"Piscivores.pdf","pdfs/extant_to_ingest/toadd/Piscivores.pdf","extant_pdf","pdf","1729","unknown","queued","",NA,"","2026-05-29","",""
"Plestiodon_Diet.pdf","pdfs/extant_to_ingest/toadd/Plestiodon_Diet.pdf","extant_pdf","pdf","140","unknown","queued","",NA,"","2026-05-29","",""
"plumbeusKite.pdf","pdfs/extant_to_ingest/toadd/plumbeusKite.pdf","extant_pdf","pdf","941","unknown","queued","",NA,"","2026-05-29","",""
"PolarBearII.pdf","pdfs/extant_to_ingest/toadd/PolarBearII.pdf","extant_pdf","pdf","99","unknown","queued","",NA,"","2026-05-29","",""
"s00114-016-1351-6.pdf","pdfs/extant_to_ingest/ai_found/s00114-016-1351-6.pdf","extant_pdf","pdf","2089","unknown","queued","",NA,"","2026-05-29","",""
"SETIYONONoske2014_Falconettakingbabbler_482-1235-1-PB.pdf","pdfs/extant_to_ingest/toadd/SETIYONONoske2014_Falconettakingbabbler_482-1235-1-PB.pdf","extant_pdf","pdf","632","unknown","queued","",NA,"","2026-05-29","",""
"SHORT_COMMUNICATION_Feeding_habits_of_oc.pdf","pdfs/extant_to_ingest/toadd/SHORT_COMMUNICATION_Feeding_habits_of_oc.pdf","extant_pdf","pdf","137","unknown","queued","",NA,"","2026-05-29","",""
"SkunksIowa.pdf","pdfs/extant_to_ingest/toadd/SkunksIowa.pdf","extant_pdf","pdf","1264","unknown","queued","",NA,"","2026-05-29","",""
"SkunksNewYork.pdf","pdfs/extant_to_ingest/toadd/SkunksNewYork.pdf","extant_pdf","pdf","326","unknown","queued","",NA,"","2026-05-29","",""
"SnowyOwlMontana.pdf","pdfs/extant_to_ingest/toadd/SnowyOwlMontana.pdf","extant_pdf","pdf","199","pellet","queued","",NA,"","2026-05-29","",""
"SpotSkunkIowa.pdf","pdfs/extant_to_ingest/toadd/SpotSkunkIowa.pdf","extant_pdf","pdf","769","unknown","queued","",NA,"","2026-05-29","",""
"StoatItaly.pdf","pdfs/extant_to_ingest/toadd/StoatItaly.pdf","extant_pdf","pdf","175","unknown","queued","",NA,"","2026-05-29","",""
"SwanYellowstone.pdf","pdfs/extant_to_ingest/toadd/SwanYellowstone.pdf","extant_pdf","pdf","1129","unknown","queued","",NA,"","2026-05-29","",""
"Tegu_Diet_Brazil.pdf","pdfs/extant_to_ingest/toadd/Tegu_Diet_Brazil.pdf","extant_pdf","pdf","3317","unknown","queued","",NA,"","2026-05-29","",""
"test.pdf","pdfs/extant_to_ingest/toadd/test.pdf","extant_pdf","pdf","3","unknown","queued","",NA,"","2026-05-29","",""
"Tupinambis.pdf","pdfs/extant_to_ingest/toadd/Tupinambis.pdf","extant_pdf","pdf","219","unknown","queued","",NA,"","2026-05-29","",""
"Tytonovaehollandae_nomasses.pdf","pdfs/extant_to_ingest/toadd/Tytonovaehollandae_nomasses.pdf","extant_pdf","pdf","674","pellet","queued","",NA,"","2026-05-29","",""
"TytosoumagneiMadagascar.pdf","pdfs/extant_to_ingest/toadd/TytosoumagneiMadagascar.pdf","extant_pdf","pdf","654","pellet","queued","",NA,"","2026-05-29","",""
"Tytotenebrisco_nopreymassesyesowlmasses.pdf","pdfs/extant_to_ingest/toadd/Tytotenebrisco_nopreymassesyesowlmasses.pdf","extant_pdf","pdf","399","pellet","queued","",NA,"","2026-05-29","",""
"Varanus_bengalensis_DietSriLanka_DUP2019.pdf","pdfs/_processed/extant_pdf/Varanus_bengalensis_DietSriLanka_DUP2019.pdf","extant_pdf","pdf","3787","unknown","superseded","",NA,"","2026-05-29","2026-05-29","older 2019 duplicate of ai_found/Varanus_bengalensis_DietSriLanka.pdf (curated 2025 copy); retired to avoid double-counting"
"Varanus_bengalensis_DietSriLanka.pdf","pdfs/extant_to_ingest/ai_found/Varanus_bengalensis_DietSriLanka.pdf","extant_pdf","pdf","3768","unknown","queued","",NA,"","2026-05-29","",""
"Varanus_bitatawa.pdf","pdfs/extant_to_ingest/toadd/Varanus_bitatawa.pdf","extant_pdf","pdf","2040","unknown","queued","",NA,"","2026-05-29","",""
"Varanus_LahugalaSriLanka.pdf","pdfs/extant_to_ingest/ai_found/Varanus_LahugalaSriLanka.pdf","extant_pdf","pdf","3813","unknown","queued","",NA,"","2026-05-29","",""
"Varanus_varius.pdf","pdfs/extant_to_ingest/toadd/Varanus_varius.pdf","extant_pdf","pdf","1703","unknown","queued","",NA,"","2026-05-29","",""
"Varanus.pdf","pdfs/extant_to_ingest/toadd/Varanus.pdf","extant_pdf","pdf","33","unknown","queued","",NA,"","2026-05-29","",""
"VulturesMaryland.pdf","pdfs/extant_to_ingest/toadd/VulturesMaryland.pdf","extant_pdf","pdf","1100","unknown","queued","",NA,"","2026-05-29","",""
"WildDog.pdf","pdfs/extant_to_ingest/toadd/WildDog.pdf","extant_pdf","pdf","133","unknown","queued","",NA,"","2026-05-29","",""
"Wolf2004.pdf","pdfs/extant_to_ingest/toadd/Wolf2004.pdf","extant_pdf","pdf","215","unknown","queued","",NA,"","2026-05-29","",""
"WolfCoyoteAZ.pdf","pdfs/extant_to_ingest/toadd/WolfCoyoteAZ.pdf","extant_pdf","pdf","204","unknown","queued","",NA,"","2026-05-29","",""
"WolfEstonia1998.pdf","pdfs/extant_to_ingest/toadd/WolfEstonia1998.pdf","extant_pdf","pdf","637","unknown","queued","",NA,"","2026-05-29","",""
"WolfEstonia2012.pdf","pdfs/extant_to_ingest/toadd/WolfEstonia2012.pdf","extant_pdf","pdf","1464","unknown","queued","",NA,"","2026-05-29","",""
"WolfFoxMediterranean1993.pdf","pdfs/extant_to_ingest/toadd/WolfFoxMediterranean1993.pdf","extant_pdf","pdf","1256","unknown","queued","",NA,"","2026-05-29","",""
"WolfGermany.pdf","pdfs/extant_to_ingest/toadd/WolfGermany.pdf","extant_pdf","pdf","454","unknown","queued","",NA,"","2026-05-29","",""
"WolfItaly2003.pdf","pdfs/extant_to_ingest/toadd/WolfItaly2003.pdf","extant_pdf","pdf","225","unknown","queued","",NA,"","2026-05-29","",""
"WolfItaly2011_sourceforMoreWolfPapers.pdf","pdfs/extant_to_ingest/toadd/WolfItaly2011_sourceforMoreWolfPapers.pdf","extant_pdf","pdf","931","unknown","queued","",NA,"","2026-05-29","",""
"WolfMongolia2004.pdf","pdfs/extant_to_ingest/toadd/WolfMongolia2004.pdf","extant_pdf","pdf","426","unknown","queued","",NA,"","2026-05-29","",""
"WolfPortugal2000.pdf","pdfs/extant_to_ingest/toadd/WolfPortugal2000.pdf","extant_pdf","pdf","86","unknown","queued","",NA,"","2026-05-29","",""
"WolfVancouverIsland.pdf","pdfs/extant_to_ingest/toadd/WolfVancouverIsland.pdf","extant_pdf","pdf","769","unknown","queued","",NA,"","2026-05-29","",""
"WolverineAlaska.pdf","pdfs/extant_to_ingest/toadd/WolverineAlaska.pdf","extant_pdf","pdf","374","unknown","queued","",NA,"","2026-05-29","",""
"WolverineNorway.pdf","pdfs/extant_to_ingest/toadd/WolverineNorway.pdf","extant_pdf","pdf","746","unknown","queued","",NA,"","2026-05-29","",""
"WolvesCougarMontana.pdf","pdfs/extant_to_ingest/toadd/WolvesCougarMontana.pdf","extant_pdf","pdf","1984","unknown","queued","",NA,"","2026-05-29","",""
"WOS000175683300010.pdf","pdfs/extant_to_ingest/toadd/WOS000175683300010.pdf","extant_pdf","pdf","460","unknown","queued","",NA,"","2026-05-29","",""
"004_repenomousgut.pdf","pdfs/fossil_cases/004_repenomousgut.pdf","fossil_pdf","pdf","387","","queued","",NA,"","2026-05-29","",""
"005_sinosauropteryxgut.pdf","pdfs/fossil_cases/005_sinosauropteryxgut.pdf","fossil_pdf","pdf","2679","","queued","",NA,"","2026-05-29","",""
"008_ankylosaurgut.pdf","pdfs/fossil_cases/008_ankylosaurgut.pdf","fossil_pdf","pdf","1952","","queued","",NA,"","2026-05-29","",""
"009_confuciusornisdiet.pdf","pdfs/fossil_cases/009_confuciusornisdiet.pdf","fossil_pdf","pdf","162","","queued","",NA,"","2026-05-29","",""
"011_Kseaturtlediet.pdf","pdfs/fossil_cases/011_Kseaturtlediet.pdf","fossil_pdf","pdf","148","","queued","",NA,"","2026-05-29","",""
"012_piscivoravisdiet.pdf","pdfs/fossil_cases/012_piscivoravisdiet.pdf","fossil_pdf","pdf","416","","queued","",NA,"","2026-05-29","",""
"baurusuchid.PDF","pdfs/fossil_cases/baurusuchid.PDF","fossil_pdf","pdf","3122","","queued","",NA,"","2026-05-29","",""
"Qiu_etal_2025_NSR_Huadanosaurus_gut.pdf","pdfs/_processed/fossil_pdf/Qiu_etal_2025_NSR_Huadanosaurus_gut.pdf","fossil_pdf","pdf","2694","gut","done","data/fossil_diet_extractions.csv","2","16-17","2026-05-29","2026-05-29","Huadanosaurus sinensis (new compsognathid-like theropod) gut = 2 mammals (eutriconodont + eutherian); Yixian ~125Ma; masses PENDING (predator Benson from femur 105.69mm; prey unmeasured)"
"sciadv.adi0505.pdf","pdfs/fossil_cases/sciadv.adi0505.pdf","fossil_pdf","pdf","2204","","queued","",NA,"","2026-05-29","",""
"White_etal_2022_Confractosuchus_gut.pdf","pdfs/_processed/fossil_pdf/White_etal_2022_Confractosuchus_gut.pdf","fossil_pdf","pdf","8339","gut","done","data/fossil_diet_extractions.csv","1","14","2026-05-29","2026-05-29","Confractosuchus sauroktonos croc gut + juv ornithopod (1.0-1.7kg); predator mass PENDING"
"x_000_compsognathus_2017_Conrad.pdf","pdfs/fossil_cases/x_000_compsognathus_2017_Conrad.pdf","fossil_pdf","pdf","8676","","queued","",NA,"","2026-05-29","",""
"x_001_coelophysisgut_done.pdf","pdfs/_processed/fossil_pdf/x_001_coelophysisgut_done.pdf","fossil_pdf","pdf","358","gut","done","data/fossil_predprey.csv",NA,"","2026-05-29","","Coelophysis bauri ate Hesperosuchus (Rinehart/Nesbitt); in fossil_predprey.csv"
"x_002_microraptordietfish_done.pdf","pdfs/_processed/fossil_pdf/x_002_microraptordietfish_done.pdf","fossil_pdf","pdf","686","gut","done","data/fossil_predprey.csv",NA,"","2026-05-29","","Microraptor gui ate fish (Xing et al 2013); in fossil_predprey.csv"
"x_003_microratprodietbird_done.pdf","pdfs/_processed/fossil_pdf/x_003_microratprodietbird_done.pdf","fossil_pdf","pdf","722","gut","done","data/fossil_predprey.csv",NA,"","2026-05-29","","Microraptor gui ate Enantiornithes bird (O'Connor et al 2011); in fossil_predprey.csv"
"x_004_anchiornis_diets.pdf","pdfs/fossil_cases/x_004_anchiornis_diets.pdf","fossil_pdf","pdf","2780","","queued","",NA,"","2026-05-29","",""
"x_005_Sinocalliopteryxdiet.pdf","pdfs/fossil_cases/x_005_Sinocalliopteryxdiet.pdf","fossil_pdf","pdf","1465","","queued","",NA,"","2026-05-29","",""
"x_006_HurumetalSinoDiet.pdf","pdfs/fossil_cases/x_006_HurumetalSinoDiet.pdf","fossil_pdf","pdf","1462","","queued","",NA,"","2026-05-29","",""
"x_008_FightingDinosaurs_Carpenter.pdf","pdfs/fossil_cases/x_008_FightingDinosaurs_Carpenter.pdf","fossil_pdf","pdf","3176","","queued","",NA,"","2026-05-29","",""
"x_009_daspletosaurusgut.pdf","pdfs/fossil_cases/x_009_daspletosaurusgut.pdf","fossil_pdf","pdf","304","","queued","",NA,"","2026-05-29","",""
"x_010_Scipionyx.pdf","pdfs/fossil_cases/x_010_Scipionyx.pdf","fossil_pdf","pdf","27679","","queued","",NA,"","2026-05-29","",""
"x_011_Sinosauropteryx.pdf","pdfs/fossil_cases/x_011_Sinosauropteryx.pdf","fossil_pdf","pdf","4522","","queued","",NA,"","2026-05-29","",""
"Campione_et_al-2014-Methods_in_Ecology_and_Evolution.pdf","pdfs/reference/Campione_et_al-2014-Methods_in_Ecology_and_Evolution.pdf","reference","pdf","921","","queued","",NA,"","2026-05-29","",""
"Heckert_A_2009_Paleo_Coelophysis_monograph.pdf","pdfs/reference/Heckert_A_2009_Paleo_Coelophysis_monograph.pdf","reference","pdf","260027","","queued","",NA,"","2026-05-29","",""
"Ostrom_1978.pdf","pdfs/reference/Ostrom_1978.pdf","reference","pdf","39818","","queued","",NA,"","2026-05-29","",""
"PredatorPreyFossilBook.pdf","pdfs/reference/PredatorPreyFossilBook.pdf","reference","pdf","71084","","queued","",NA,"","2026-05-29","",""
"quadrapedMass.pdf","pdfs/reference/quadrapedMass.pdf","reference","pdf","873","","queued","",NA,"","2026-05-29","",""
