"role","key","clade","type","n_rec","suggested_source"
"prey","Indet Aves","AVES","vertebrate (look up)",153,"AVONET / EltonTraits-Bird"
"prey","Passerine Aves_Passeriformes","AVES","vertebrate (look up)",63,"AVONET / EltonTraits-Bird"
"prey","Indet Mammalia","MAMMALIA","vertebrate (look up)",60,"PanTHERIA / EltonTraits-Mammal"
"prey","Indet Mammalia_Rodentia","MAMMALIA","vertebrate (look up)",55,"PanTHERIA / EltonTraits-Mammal"
"prey","Insect INVERT_Insecta","INVERT","invertebrate",52,"invertebrate length-mass regressions"
"prey","Coleoptera INVERT_Insecta_Coleoptera","INVERT","invertebrate",43,"invertebrate length-mass regressions"
"prey","Plant PLANT","PLANT","non-animal (exclude?)",35,""
"prey","Fish Actinopterygii","ACTINOPTERYGII","vertebrate (look up)",34,"FishBase"
"prey","Indet INVERT_Insecta","INVERT","invertebrate",27,"invertebrate length-mass regressions"
"prey","Muridae Mammalia_Rodentia","MAMMALIA","vertebrate (look up)",25,"PanTHERIA / EltonTraits-Mammal"
"prey","Indet INVERT_Insecta_Coleoptera","INVERT","invertebrate",21,"invertebrate length-mass regressions"
"prey","Indet Aves_Passeriformes","AVES","vertebrate (look up)",20,"AVONET / EltonTraits-Bird"
"prey","Eggs Eggs","EGGS","non-animal (exclude?)",17,""
"prey","Acrididae INVERT","INVERT","invertebrate",16,"invertebrate length-mass regressions"
"prey","Tenebrionidae INVERT","INVERT","invertebrate",16,"invertebrate length-mass regressions"
"prey","Indet INVERT_Insecta_Orthoptera","INVERT","invertebrate",16,"invertebrate length-mass regressions"
"prey","Microtinae Mammalia_Rodentia","MAMMALIA","vertebrate (look up)",15,"PanTHERIA / EltonTraits-Mammal"
"prey","Anatidae Aves_Anseriformes","AVES","vertebrate (look up)",14,"AVONET / EltonTraits-Bird"
"prey","Insecta INVERT_Insecta","INVERT","invertebrate",13,"invertebrate length-mass regressions"
"prey","Formicidae INVERT_Insecta_Hymenoptera","INVERT","invertebrate",13,"invertebrate length-mass regressions"
"prey","Unidentified INVERT","INVERT","invertebrate",11,"invertebrate length-mass regressions"
"prey","Hymenoptera INVERT_Insecta_Hymenoptera","INVERT","invertebrate",10,"invertebrate length-mass regressions"
"prey","Orthoptera INVERT_Insecta_Orthoptera","INVERT","invertebrate",9,"invertebrate length-mass regressions"
"prey","Aves Eggs","EGGS","non-animal (exclude?)",9,""
"prey","Picidae Aves_Piciformes","AVES","vertebrate (look up)",9,"AVONET / EltonTraits-Bird"
"prey","Coleoptera_adult INVERT","INVERT","invertebrate",8,"invertebrate length-mass regressions"
"prey","Locustidae INVERT","INVERT","invertebrate",8,"invertebrate length-mass regressions"
"prey","Indet INVERT_Insecta_Lepidoptera","INVERT","invertebrate",8,"invertebrate length-mass regressions"
"prey","Grass PLANT","PLANT","non-animal (exclude?)",8,""
"prey","Cottus Actinopterygii","ACTINOPTERYGII","vertebrate (look up)",8,"FishBase"
"prey","Indet Amphibia","AMPHIBIA","vertebrate (look up)",8,"AmphiBIO"
"prey","Urodela Amphibia_Caudata","AMPHIBIA","vertebrate (look up)",8,"AmphiBIO"
"prey","Indet INVERT","INVERT","invertebrate",7,"invertebrate length-mass regressions"
"prey","Julidae INVERT_Myriapoda","INVERT","invertebrate",7,"invertebrate length-mass regressions"
"prey","Fruit indet PLANT","PLANT","non-animal (exclude?)",7,""
"prey","Arachnida INVERT","INVERT","invertebrate",6,"invertebrate length-mass regressions"
"prey","Crayfish INVERT_Crustacea","INVERT","invertebrate",6,"invertebrate length-mass regressions"
"prey","Silphidae INVERT_Insecta_Coleoptera","INVERT","invertebrate",6,"invertebrate length-mass regressions"
"prey","Vespidae INVERT_Insecta_Hymenoptera","INVERT","invertebrate",6,"invertebrate length-mass regressions"
"prey","Vespidae_imago INVERT_Insecta_Hymenoptera","INVERT","invertebrate",6,"invertebrate length-mass regressions"
"prey","Vespidae_larva INVERT_Insecta_Hymenoptera","INVERT","invertebrate",6,"invertebrate length-mass regressions"
"prey","Frogs Amphibia_Anura","AMPHIBIA","vertebrate (look up)",6,"AmphiBIO"
"prey","Birds Aves","AVES","vertebrate (look up)",6,"AVONET / EltonTraits-Bird"
"prey","Indet_large Aves","AVES","vertebrate (look up)",6,"AVONET / EltonTraits-Bird"
"prey","Mustelidae Mammalia_Carnivora_Caniformia","MAMMALIA","vertebrate (look up)",6,"PanTHERIA / EltonTraits-Mammal"
"prey","Cricetinae Mammalia_Rodentia","MAMMALIA","vertebrate (look up)",6,"PanTHERIA / EltonTraits-Mammal"
"prey","Zapodidae Mammalia_Rodentia","MAMMALIA","vertebrate (look up)",6,"PanTHERIA / EltonTraits-Mammal"
"prey","Indet Testudines","TESTUDINES","vertebrate (look up)",6,"literature / TraitBank"
"prey","Odonata larvae INVERT","INVERT","invertebrate",5,"invertebrate length-mass regressions"
"prey","Arachnida INVERT_Arachnida","INVERT","invertebrate",5,"invertebrate length-mass regressions"
"prey","Araneae INVERT_Arachnida","INVERT","invertebrate",5,"invertebrate length-mass regressions"
"prey","Indet INVERT_Gastropoda","INVERT","invertebrate",5,"invertebrate length-mass regressions"
"prey","Dysticidae INVERT_Insecta_Coleoptera","INVERT","invertebrate",5,"invertebrate length-mass regressions"
"prey","Dermaptera INVERT_Insecta_Dermaptera","INVERT","invertebrate",5,"invertebrate length-mass regressions"
"prey","Vespidae_pupa INVERT_Insecta_Hymenoptera","INVERT","invertebrate",5,"invertebrate length-mass regressions"
"prey","Waterfowl Aves","AVES","vertebrate (look up)",5,"AVONET / EltonTraits-Bird"
"prey","Indet Aves_Charadriiformes","AVES","vertebrate (look up)",5,"AVONET / EltonTraits-Bird"
"prey","Indet Vertebrata","VERTEBRATA","vertebrate (look up)",5,"resolve to finer clade"
"prey","Arthropod INVERT","INVERT","invertebrate",4,"invertebrate length-mass regressions"
"prey","Procambarus INVERT_Crustacea","INVERT","invertebrate",4,"invertebrate length-mass regressions"
"prey","Curculionidae INVERT_Insecta_Coleoptera","INVERT","invertebrate",4,"invertebrate length-mass regressions"
"prey","Arctostaphylus PLANT","PLANT","non-animal (exclude?)",4,""
"prey","Garbages PLANT","PLANT","non-animal (exclude?)",4,""
"prey","Grass indet PLANT","PLANT","non-animal (exclude?)",4,""
"prey","Other PLANT","PLANT","non-animal (exclude?)",4,""
"prey","Seeds_Pinus_albicaulis PLANT","PLANT","non-animal (exclude?)",4,""
"prey","Salmo Actinopterygii","ACTINOPTERYGII","vertebrate (look up)",4,"FishBase"
"prey","Bird Aves","AVES","vertebrate (look up)",4,"AVONET / EltonTraits-Bird"
"prey","Indet Aves_Gruiformes","AVES","vertebrate (look up)",4,"AVONET / EltonTraits-Bird"
"prey","Icteridae Aves_Passeriformes","AVES","vertebrate (look up)",4,"AVONET / EltonTraits-Bird"
"prey","Indet Mammalia_Lagomorpha","MAMMALIA","vertebrate (look up)",4,"PanTHERIA / EltonTraits-Mammal"
"prey","Elgaria Squamata_Anguidae","SQUAMATA","vertebrate (look up)",4,"Feldman et al. / Meiri squamate mass"
"prey","Indet Squamata_Lacertidae","SQUAMATA","vertebrate (look up)",4,"Feldman et al. / Meiri squamate mass"
"prey","Snake Squamata_Serpentes","SQUAMATA","vertebrate (look up)",4,"Feldman et al. / Meiri squamate mass"
"prey","Cestoda INVERT","INVERT","invertebrate",3,"invertebrate length-mass regressions"
"prey","Tettigoniidae INVERT","INVERT","invertebrate",3,"invertebrate length-mass regressions"
"prey","Indet INVERT_Arthropoda","INVERT","invertebrate",3,"invertebrate length-mass regressions"
"prey","Scolopendra INVERT_Chilopoda","INVERT","invertebrate",3,"invertebrate length-mass regressions"
"prey","Gastropoda_terrestrial INVERT_Gastropoda","INVERT","invertebrate",3,"invertebrate length-mass regressions"
"prey","Beetles INVERT_Insecta_Coleoptera","INVERT","invertebrate",3,"invertebrate length-mass regressions"
"prey","Indet INVERT_Insecta_Hymenoptera","INVERT","invertebrate",3,"invertebrate length-mass regressions"
"prey","Tettigoniidae INVERT_Insecta_Orthoptera","INVERT","invertebrate",3,"invertebrate length-mass regressions"
"prey","Anacardium spp PLANT","PLANT","non-animal (exclude?)",3,""
"prey","Annona monticula PLANT","PLANT","non-animal (exclude?)",3,""
"prey","Annona spp PLANT","PLANT","non-animal (exclude?)",3,""
"prey","Coconut Indet(Drawf) PLANT","PLANT","non-animal (exclude?)",3,""
"prey","Diospyros hispida PLANT","PLANT","non-animal (exclude?)",3,""
"prey","FRUIT_Cherokee rose PLANT","PLANT","non-animal (exclude?)",3,""
"prey","Fruits PLANT","PLANT","non-animal (exclude?)",3,""
"prey","Mycrtaceae indet PLANT","PLANT","non-animal (exclude?)",3,""
"prey","Parinari Ontusifolia PLANT","PLANT","non-animal (exclude?)",3,""
"prey","Poulteria spp PLANT","PLANT","non-animal (exclude?)",3,""
"prey","Solanum lycopersicum PLANT","PLANT","non-animal (exclude?)",3,""
"prey","Salmo_gairdneri Actinopterygii","ACTINOPTERYGII","vertebrate (look up)",3,"FishBase"
"prey","Anatids Aves_Anseriformes","AVES","vertebrate (look up)",3,"AVONET / EltonTraits-Bird"
"prey","Muscicapidae Aves_Passeriformes","AVES","vertebrate (look up)",3,"AVONET / EltonTraits-Bird"
"prey","Alligator_mississippiensis Crocodylia","CROCODYLIA","vertebrate (look up)",3,"literature"
"prey","Shrew Mammalia_Euliptophyla_Sorcidae","MAMMALIA","vertebrate (look up)",3,"PanTHERIA / EltonTraits-Mammal"
"prey","Other Mammalia_Rodentia","MAMMALIA","vertebrate (look up)",3,"PanTHERIA / EltonTraits-Mammal"
"prey","Rodentia Mammalia_Rodentia","MAMMALIA","vertebrate (look up)",3,"PanTHERIA / EltonTraits-Mammal"
"prey","Kinosternidae Testudines","TESTUDINES","vertebrate (look up)",3,"literature / TraitBank"
"prey","Acanthacris_ruficornis INVERT","INVERT","invertebrate",2,"invertebrate length-mass regressions"
"prey","Anthropogenic INVERT","INVERT","invertebrate",2,"invertebrate length-mass regressions"
"prey","Mineral INVERT","INVERT","invertebrate",2,"invertebrate length-mass regressions"
"prey","Nematoda_2cm INVERT","INVERT","invertebrate",2,"invertebrate length-mass regressions"
"prey","Oedipodinae INVERT","INVERT","invertebrate",2,"invertebrate length-mass regressions"
"prey","Scolopendra INVERT","INVERT","invertebrate",2,"invertebrate length-mass regressions"
"prey","Stenopelmatidae INVERT","INVERT","invertebrate",2,"invertebrate length-mass regressions"
"prey","Indet INVERT_Arachnida_Acari","INVERT","invertebrate",2,"invertebrate length-mass regressions"
"prey","Indet INVERT_Arachnida_Araneae","INVERT","invertebrate",2,"invertebrate length-mass regressions"
"prey","Indet INVERT_Arachnida_Scopiones","INVERT","invertebrate",2,"invertebrate length-mass regressions"
"prey","Solifugae INVERT_Arachnida_Solifugae","INVERT","invertebrate",2,"invertebrate length-mass regressions"
"prey","Crab INVERT_Crustacea","INVERT","invertebrate",2,"invertebrate length-mass regressions"
"prey","Crustacean INVERT_Crustacea","INVERT","invertebrate",2,"invertebrate length-mass regressions"
"prey","Isoptera INVERT_Crustacea","INVERT","invertebrate",2,"invertebrate length-mass regressions"
"prey","Palaemonetes_kadiakensis INVERT_Crustacea","INVERT","invertebrate",2,"invertebrate length-mass regressions"
"prey","Bellamya INVERT_Gastropoda","INVERT","invertebrate",2,"invertebrate length-mass regressions"
"prey","Gastropoda_freshwater INVERT_Gastropoda","INVERT","invertebrate",2,"invertebrate length-mass regressions"
"prey","Snail INVERT_Gastropoda","INVERT","invertebrate",2,"invertebrate length-mass regressions"
"prey","Platypleura_arabica INVERT_homoptera","INVERT","invertebrate",2,"invertebrate length-mass regressions"
"prey","Eggs INVERT_Insecta","INVERT","invertebrate",2,"invertebrate length-mass regressions"
"prey","Lethocerus INVERT_Insecta","INVERT","invertebrate",2,"invertebrate length-mass regressions"
"prey","Buprestidae INVERT_Insecta_Coleoptera","INVERT","invertebrate",2,"invertebrate length-mass regressions"
"prey","Elateridae INVERT_Insecta_Coleoptera","INVERT","invertebrate",2,"invertebrate length-mass regressions"
"prey","Oenera_hispida INVERT_Insecta_Coleoptera","INVERT","invertebrate",2,"invertebrate length-mass regressions"
"prey","Scarabaeus_saer INVERT_Insecta_Coleoptera","INVERT","invertebrate",2,"invertebrate length-mass regressions"
"prey","Blattidae INVERT_Insecta_Dictyoptera","INVERT","invertebrate",2,"invertebrate length-mass regressions"
"prey","Indet INVERT_Insecta_Dictyoptera","INVERT","invertebrate",2,"invertebrate length-mass regressions"
"prey","Mantidae INVERT_Insecta_Dictyoptera","INVERT","invertebrate",2,"invertebrate length-mass regressions"
"prey","Indet INVERT_Insecta_Diptera","INVERT","invertebrate",2,"invertebrate length-mass regressions"
"prey","Belostoma INVERT_Insecta_Hemiptera","INVERT","invertebrate",2,"invertebrate length-mass regressions"
"prey","Indet INVERT_Insecta_Heteroptera","INVERT","invertebrate",2,"invertebrate length-mass regressions"
"prey","Formicoidea INVERT_Insecta_Hymenoptera","INVERT","invertebrate",2,"invertebrate length-mass regressions"
"prey","Vespoidea INVERT_Insecta_Hymenoptera","INVERT","invertebrate",2,"invertebrate length-mass regressions"
"prey","Neuroptera INVERT_Insecta_Neuroptera","INVERT","invertebrate",2,"invertebrate length-mass regressions"
"prey","Romalea_guttata INVERT_Insecta_Orthoptera","INVERT","invertebrate",2,"invertebrate length-mass regressions"
"prey","Mollusc INVERT_Mollusca","INVERT","invertebrate",2,"invertebrate length-mass regressions"
"prey","Metaphaire_posthuma INVERT_Oligochaeta","INVERT","invertebrate",2,"invertebrate length-mass regressions"
"prey","Ensifera INVERT_Orthoptera","INVERT","invertebrate",2,"invertebrate length-mass regressions"
"prey","Bird egg Eggs","EGGS","non-animal (exclude?)",2,""
"prey","Egg_Aves Eggs","EGGS","non-animal (exclude?)",2,""
"prey","Serpentes Eggs","EGGS","non-animal (exclude?)",2,""
"prey","Bromelia balansae PLANT","PLANT","non-animal (exclude?)",2,""
"prey","Carica_papaya PLANT","PLANT","non-animal (exclude?)",2,""
"prey","Forbs PLANT","PLANT","non-animal (exclude?)",2,""
"prey","Formicidae PLANT","PLANT","non-animal (exclude?)",2,""
"prey","Fruit PLANT","PLANT","non-animal (exclude?)",2,""
"prey","FRUIT_Chinarot greenbrier PLANT","PLANT","non-animal (exclude?)",2,""
"prey","Fruit_Chinese berry PLANT","PLANT","non-animal (exclude?)",2,""
"prey","Fruit_Pyrus_communis_pear PLANT","PLANT","non-animal (exclude?)",2,""
"prey","FRUIT_Watermelonm PLANT","PLANT","non-animal (exclude?)",2,""
"prey","Grasses PLANT","PLANT","non-animal (exclude?)",2,""
"prey","Leaves PLANT","PLANT","non-animal (exclude?)",2,""
"prey","Manguifera_indica PLANT","PLANT","non-animal (exclude?)",2,""
"prey","Pinus PLANT","PLANT","non-animal (exclude?)",2,""
"prey","Ribes PLANT","PLANT","non-animal (exclude?)",2,""
"prey","Ribes_nevadense PLANT","PLANT","non-animal (exclude?)",2,""
"prey","Rubiaceae indet PLANT","PLANT","non-animal (exclude?)",2,""
"prey","Zea mays PLANT","PLANT","non-animal (exclude?)",2,""
"prey","Percina_nigrofasciata Actinoptergii_Percidae","ACTINOPTERYGII","vertebrate (look up)",2,"FishBase"
"prey","Indet Actinoptergyii","ACTINOPTERYGII","vertebrate (look up)",2,"FishBase"
"prey","Alosa Actinopterygii","ACTINOPTERYGII","vertebrate (look up)",2,"FishBase"
"prey","Aphredoderus_sayanus Actinopterygii","ACTINOPTERYGII","vertebrate (look up)",2,"FishBase"
"prey","Periophthalmus Actinopterygii","ACTINOPTERYGII","vertebrate (look up)",2,"FishBase"
"prey","Pleuronectidae Actinopterygii","ACTINOPTERYGII","vertebrate (look up)",2,"FishBase"
"prey","Centrarchidae Actinopterygii_Centrarchidae","ACTINOPTERYGII","vertebrate (look up)",2,"FishBase"
"prey","Lepomis_macrochirus Actinopterygii_Centrarchidae","ACTINOPTERYGII","vertebrate (look up)",2,"FishBase"
"prey","Cyprinidae Actinopterygii_Cyprinidae","ACTINOPTERYGII","vertebrate (look up)",2,"FishBase"
"prey","Notorus_leptacanthus Actinopterygii_Ictaluridae","ACTINOPTERYGII","vertebrate (look up)",2,"FishBase"
"prey","Toad Amphibia_Anura","AMPHIBIA","vertebrate (look up)",2,"AmphiBIO"
"prey","Feathers Aves","AVES","vertebrate (look up)",2,"AVONET / EltonTraits-Bird"
"prey","Indet Aves_Ciconiformes","AVES","vertebrate (look up)",2,"AVONET / EltonTraits-Bird"
"prey","Tinamidae Aves_Paleognatha","AVES","vertebrate (look up)",2,"AVONET / EltonTraits-Bird"
"prey","Other Mammalia","MAMMALIA","vertebrate (look up)",2,"PanTHERIA / EltonTraits-Mammal"
"prey","Indet Mammalia_Euliptophyla_Sorcidae","MAMMALIA","vertebrate (look up)",2,"PanTHERIA / EltonTraits-Mammal"
"prey","Gerbillidae Mammalia_Rodentia","MAMMALIA","vertebrate (look up)",2,"PanTHERIA / EltonTraits-Mammal"
"prey","Agama Squamata_Agamidae","SQUAMATA","vertebrate (look up)",2,"Feldman et al. / Meiri squamate mass"
"prey","Cnemidophorus Squamata_Gymnophthalmidae","SQUAMATA","vertebrate (look up)",2,"Feldman et al. / Meiri squamate mass"
"prey","Cnemidophorus_sexlineatus Squamata_Gymnophthalmidae","SQUAMATA","vertebrate (look up)",2,"Feldman et al. / Meiri squamate mass"
"prey","Phrynosoma_orbiculare Squamata_Iguania","SQUAMATA","vertebrate (look up)",2,"Feldman et al. / Meiri squamate mass"
"prey","Coluber_fugularis Squamata_Serpentes","SQUAMATA","vertebrate (look up)",2,"Feldman et al. / Meiri squamate mass"
"prey","Duberria_lutrix Squamata_Serpentes","SQUAMATA","vertebrate (look up)",2,"Feldman et al. / Meiri squamate mass"
"prey","Lytorhynchus_diadema Squamata_Serpentes","SQUAMATA","vertebrate (look up)",2,"Feldman et al. / Meiri squamate mass"
"prey","Malpolon_monspessulanus Squamata_Serpentes","SQUAMATA","vertebrate (look up)",2,"Feldman et al. / Meiri squamate mass"
"prey","Psammophis_schokari Squamata_Serpentes","SQUAMATA","vertebrate (look up)",2,"Feldman et al. / Meiri squamate mass"
"prey","Vpiera_xanthina_palaestinae Squamata_Serpentes","SQUAMATA","vertebrate (look up)",2,"Feldman et al. / Meiri squamate mass"
"prey","Sternotherus_minor Testudines","TESTUDINES","vertebrate (look up)",2,"literature / TraitBank"
"prey","Turtles Testudines","TESTUDINES","vertebrate (look up)",2,"literature / TraitBank"
"prey","Indet Indet","INDET","indet/unknown",1,""
"prey","Adoryphorus_couloni INVERT","INVERT","invertebrate",1,"invertebrate length-mass regressions"
"prey","Asperites_trochus INVERT","INVERT","invertebrate",1,"invertebrate length-mass regressions"
"prey","Bolboceras INVERT","INVERT","invertebrate",1,"invertebrate length-mass regressions"
"prey","Crabs INVERT","INVERT","invertebrate",1,"invertebrate length-mass regressions"
"prey","Curculioniidae INVERT","INVERT","invertebrate",1,"invertebrate length-mass regressions"
"prey","Dytiscus INVERT","INVERT","invertebrate",1,"invertebrate length-mass regressions"
"prey","Gymnopleurus INVERT","INVERT","invertebrate",1,"invertebrate length-mass regressions"
"prey","Lamprima_aurata INVERT","INVERT","invertebrate",1,"invertebrate length-mass regressions"
"prey","Leptopius INVERT","INVERT","invertebrate",1,"invertebrate length-mass regressions"
"prey","Lissotes_rudis INVERT","INVERT","invertebrate",1,"invertebrate length-mass regressions"
"prey","Lucanidae INVERT","INVERT","invertebrate",1,"invertebrate length-mass regressions"
"prey","Marine_clam INVERT","INVERT","invertebrate",1,"invertebrate length-mass regressions"
"prey","Necrophorus INVERT","INVERT","invertebrate",1,"invertebrate length-mass regressions"
"prey","Oncopera_larva INVERT","INVERT","invertebrate",1,"invertebrate length-mass regressions"
"prey","Onthophagus_australis INVERT","INVERT","invertebrate",1,"invertebrate length-mass regressions"
"prey","Oxycanus INVERT","INVERT","invertebrate",1,"invertebrate length-mass regressions"
"prey","Paropsis INVERT","INVERT","invertebrate",1,"invertebrate length-mass regressions"
"prey","Pasimachus INVERT","INVERT","invertebrate",1,"invertebrate length-mass regressions"
"prey","Pelecypoda INVERT","INVERT","invertebrate",1,"invertebrate length-mass regressions"
"prey","Persectania_ewingii INVERT","INVERT","invertebrate",1,"invertebrate length-mass regressions"
"prey","Phasmidae INVERT","INVERT","invertebrate",1,"invertebrate length-mass regressions"
"prey","Phyllophaga INVERT","INVERT","invertebrate",1,"invertebrate length-mass regressions"
"prey","Pisidium sp INVERT","INVERT","invertebrate",1,"invertebrate length-mass regressions"
"prey","Potamonautidae INVERT","INVERT","invertebrate",1,"invertebrate length-mass regressions"
"prey","Scitala_sericans_larva INVERT","INVERT","invertebrate",1,"invertebrate length-mass regressions"
"prey","Solpugida INVERT","INVERT","invertebrate",1,"invertebrate length-mass regressions"
"prey","Specidae INVERT","INVERT","invertebrate",1,"invertebrate length-mass regressions"
"prey","Teleogryllus_commodus INVERT","INVERT","invertebrate",1,"invertebrate length-mass regressions"
"prey","Indet INVERT_Arachnida_Pseudoscorpiones","INVERT","invertebrate",1,"invertebrate length-mass regressions"
"prey","Loligo INVERT_Cephalapoda","INVERT","invertebrate",1,"invertebrate length-mass regressions"
"prey","Centipede INVERT_Chilopoda","INVERT","invertebrate",1,"invertebrate length-mass regressions"
"prey","Dilocarcinus_dentatus INVERT_Crustacea","INVERT","invertebrate",1,"invertebrate length-mass regressions"
"prey","Macrobrachium INVERT_Crustacea","INVERT","invertebrate",1,"invertebrate length-mass regressions"
"prey","Portunus INVERT_Crustacea","INVERT","invertebrate",1,"invertebrate length-mass regressions"
"prey","Prawn INVERT_Crustacea","INVERT","invertebrate",1,"invertebrate length-mass regressions"
"prey","Julus INVERT_Diplopoda","INVERT","invertebrate",1,"invertebrate length-mass regressions"
"prey","Musca_domestica INVERT_Diplopoda","INVERT","invertebrate",1,"invertebrate length-mass regressions"
"prey","Asterias_vulgaris INVERT_Echinodermata","INVERT","invertebrate",1,"invertebrate length-mass regressions"
"prey","Arion INVERT_Gastropoda","INVERT","invertebrate",1,"invertebrate length-mass regressions"
"prey","Pila_globossa INVERT_Gastropoda","INVERT","invertebrate",1,"invertebrate length-mass regressions"
"prey","Pomacea_doliodes INVERT_Gastropoda","INVERT","invertebrate",1,"invertebrate length-mass regressions"
"prey","Indet INVERT_hymenoptera","INVERT","invertebrate",1,"invertebrate length-mass regressions"
"prey","Indet INVERT_Inseccta","INVERT","invertebrate",1,"invertebrate length-mass regressions"
"prey","Passalidae INVERT_Insecta","INVERT","invertebrate",1,"invertebrate length-mass regressions"
"prey","Rhalphidae INVERT_Insecta","INVERT","invertebrate",1,"invertebrate length-mass regressions"
"prey","Indet INVERT_Insecta_Blattellidae","INVERT","invertebrate",1,"invertebrate length-mass regressions"
"prey","Elatheridae INVERT_Insecta_Coeloptera","INVERT","invertebrate",1,"invertebrate length-mass regressions"
"prey","adesmia_cancellata INVERT_Insecta_Coleoptera","INVERT","invertebrate",1,"invertebrate length-mass regressions"
"prey","Calosoma INVERT_Insecta_Coleoptera","INVERT","invertebrate",1,"invertebrate length-mass regressions"
"prey","Cicindellidae INVERT_Insecta_Coleoptera","INVERT","invertebrate",1,"invertebrate length-mass regressions"
"prey","Coleoptera_larva INVERT_Insecta_Coleoptera","INVERT","invertebrate",1,"invertebrate length-mass regressions"
"prey","Geotropes INVERT_Insecta_Coleoptera","INVERT","invertebrate",1,"invertebrate length-mass regressions"
"prey","Julodis_euphratica INVERT_Insecta_Coleoptera","INVERT","invertebrate",1,"invertebrate length-mass regressions"
"prey","Phylophaga INVERT_Insecta_Coleoptera","INVERT","invertebrate",1,"invertebrate length-mass regressions"
"prey","Pimelia INVERT_Insecta_Coleoptera","INVERT","invertebrate",1,"invertebrate length-mass regressions"
"prey","Scarites_guineensis INVERT_Insecta_Coleoptera","INVERT","invertebrate",1,"invertebrate length-mass regressions"
"prey","Stratgus INVERT_Insecta_Coleoptera","INVERT","invertebrate",1,"invertebrate length-mass regressions"
"prey","Teniyrinapalmeri INVERT_Insecta_Coleoptera","INVERT","invertebrate",1,"invertebrate length-mass regressions"
"prey","Trox INVERT_Insecta_Coleoptera","INVERT","invertebrate",1,"invertebrate length-mass regressions"
"prey","Zophosis_complanata INVERT_Insecta_Coleoptera","INVERT","invertebrate",1,"invertebrate length-mass regressions"
"prey","PioneerBug INVERT_Insecta_Dermaptera","INVERT","invertebrate",1,"invertebrate length-mass regressions"
"prey","Indet INVERT_Insecta_Formicidae","INVERT","invertebrate",1,"invertebrate length-mass regressions"
"prey","Pelocoris INVERT_Insecta_Hemiptera","INVERT","invertebrate",1,"invertebrate length-mass regressions"
"prey","Indet INVERT_Insecta_Hydrophilidae","INVERT","invertebrate",1,"invertebrate length-mass regressions"
"prey","Vespidae_comb INVERT_Insecta_Hymenoptera","INVERT","invertebrate",1,"invertebrate length-mass regressions"
"prey","Nepytia_canosaria INVERT_Insecta_Lepidoptera","INVERT","invertebrate",1,"invertebrate length-mass regressions"
"prey","Indet INVERT_Insecta_Neuroptera","INVERT","invertebrate",1,"invertebrate length-mass regressions"
"prey","Dragonfly INVERT_Insecta_Odonata","INVERT","invertebrate",1,"invertebrate length-mass regressions"
"prey","Acridoidea INVERT_Insecta_Orthoptera","INVERT","invertebrate",1,"invertebrate length-mass regressions"
"prey","Gryllotalpa INVERT_Insecta_Orthoptera","INVERT","invertebrate",1,"invertebrate length-mass regressions"
"prey","Gryllotalpa_gryllotalpa INVERT_Insecta_Orthoptera","INVERT","invertebrate",1,"invertebrate length-mass regressions"
"prey","Gryllus INVERT_Insecta_Orthoptera","INVERT","invertebrate",1,"invertebrate length-mass regressions"
"prey","Indet INVERT_Insecta_Orthoptera_Tettigonidae","INVERT","invertebrate",1,"invertebrate length-mass regressions"
"prey","Indet INVERT_Insecta_Siphonaptera","INVERT","invertebrate",1,"invertebrate length-mass regressions"
"prey","Platycentropus INVERT_Insecta_Trichoptera","INVERT","invertebrate",1,"invertebrate length-mass regressions"
"prey","Vespoidea INVERT_Insecta_Vespoidea","INVERT","invertebrate",1,"invertebrate length-mass regressions"
"prey","Indet INVERT_Nematoda","INVERT","invertebrate",1,"invertebrate length-mass regressions"
"prey","Hirudinaria INVERT_Oligochaeta","INVERT","invertebrate",1,"invertebrate length-mass regressions"
"prey","Locusta_migratoria INVERT_orthoptera","INVERT","invertebrate",1,"invertebrate length-mass regressions"
"prey","Bivalvia INVERT_Pelecypoda","INVERT","invertebrate",1,"invertebrate length-mass regressions"
"prey","Lamellidens INVERT_Pelecypoda","INVERT","invertebrate",1,"invertebrate length-mass regressions"
"prey","Mercenaria_mercenaria INVERT_Pelecypoda","INVERT","invertebrate",1,"invertebrate length-mass regressions"
"prey","Mussel INVERT_Pelecypoda","INVERT","invertebrate",1,"invertebrate length-mass regressions"
"prey","Colinus_virginianus Eggs","EGGS","non-animal (exclude?)",1,""
"prey","Emoia_cyanurum Eggs","EGGS","non-animal (exclude?)",1,""
"prey","Fowl Eggs","EGGS","non-animal (exclude?)",1,""
"prey","Gallus_gallus Eggs","EGGS","non-animal (exclude?)",1,""
"prey","Melagris_gallopavo Eggs","EGGS","non-animal (exclude?)",1,""
"prey","Philetairus_socius Eggs","EGGS","non-animal (exclude?)",1,""
"prey","Pterocles_namaqua Eggs","EGGS","non-animal (exclude?)",1,""
"prey","Squamata Eggs","EGGS","non-animal (exclude?)",1,""
"prey","Testudo_graeca Eggs","EGGS","non-animal (exclude?)",1,""
"prey","Trachemys_scripta Eggs","EGGS","non-animal (exclude?)",1,""
"prey","Upupa_epops Eggs","EGGS","non-animal (exclude?)",1,""
"prey","Lycoperdon_pyriforme/perlatum Fungus","FUNGUS","non-animal (exclude?)",1,""
"prey","Acorn PLANT","PLANT","non-animal (exclude?)",1,""
"prey","Agoseris PLANT","PLANT","non-animal (exclude?)",1,""
"prey","Anacharis PLANT","PLANT","non-animal (exclude?)",1,""
"prey","Angelica PLANT","PLANT","non-animal (exclude?)",1,""
"prey","Arbutus unedo PLANT","PLANT","non-animal (exclude?)",1,""
"prey","Aster PLANT","PLANT","non-animal (exclude?)",1,""
"prey","Byrsonima spp PLANT","PLANT","non-animal (exclude?)",1,""
"prey","Carex PLANT","PLANT","non-animal (exclude?)",1,""
"prey","Chlorophycaea PLANT","PLANT","non-animal (exclude?)",1,""
"prey","Cirsium PLANT","PLANT","non-animal (exclude?)",1,""
"prey","Claystonia PLANT","PLANT","non-animal (exclude?)",1,""
"prey","Cotton ball PLANT","PLANT","non-animal (exclude?)",1,""
"prey","Cultivated fruits PLANT","PLANT","non-animal (exclude?)",1,""
"prey","Diospyros_virginiana PLANT","PLANT","non-animal (exclude?)",1,""
"prey","Equisetum PLANT","PLANT","non-animal (exclude?)",1,""
"prey","Ficus_sp PLANT","PLANT","non-animal (exclude?)",1,""
"prey","Fragaria PLANT","PLANT","non-animal (exclude?)",1,""
"prey","Fruit_Apple PLANT","PLANT","non-animal (exclude?)",1,""
"prey","Fruit_Cherry PLANT","PLANT","non-animal (exclude?)",1,""
"prey","Fruit_Fig PLANT","PLANT","non-animal (exclude?)",1,""
"prey","Fruit_Fragaria_Strawberry PLANT","PLANT","non-animal (exclude?)",1,""
"prey","Fruit_Hawthorn PLANT","PLANT","non-animal (exclude?)",1,""
"prey","Fruit_Kiwi fruit PLANT","PLANT","non-animal (exclude?)",1,""
"prey","Fruit_Morus_alba PLANT","PLANT","non-animal (exclude?)",1,""
"prey","Fruit_Peach PLANT","PLANT","non-animal (exclude?)",1,""
"prey","Fruit_Peanut PLANT","PLANT","non-animal (exclude?)",1,""
"prey","Fruit_Persimmon PLANT","PLANT","non-animal (exclude?)",1,""
"prey","Fruit_Plum PLANT","PLANT","non-animal (exclude?)",1,""
"prey","Fruit_Sacoglottis_gabonensis PLANT","PLANT","non-animal (exclude?)",1,""
"prey","Fruit_Tomato PLANT","PLANT","non-animal (exclude?)",1,""
"prey","Fruit_Vittis_Grapes PLANT","PLANT","non-animal (exclude?)",1,""
"prey","Fruit_Zizyphus PLANT","PLANT","non-animal (exclude?)",1,""
"prey","Fruit1 PLANT","PLANT","non-animal (exclude?)",1,""
"prey","Fruit2 PLANT","PLANT","non-animal (exclude?)",1,""
"prey","Fruit3 PLANT","PLANT","non-animal (exclude?)",1,""
"prey","Fruit4 PLANT","PLANT","non-animal (exclude?)",1,""
"prey","Fruit5 PLANT","PLANT","non-animal (exclude?)",1,""
"prey","Fruits berries PLANT","PLANT","non-animal (exclude?)",1,""
"prey","Graminae PLANT","PLANT","non-animal (exclude?)",1,""
"prey","Heracleum PLANT","PLANT","non-animal (exclude?)",1,""
"prey","Hortia brasiliensis PLANT","PLANT","non-animal (exclude?)",1,""
"prey","Juniperus oxycedrus PLANT","PLANT","non-animal (exclude?)",1,""
"prey","Leymus_arenarius PLANT","PLANT","non-animal (exclude?)",1,""
"prey","Lomatium PLANT","PLANT","non-animal (exclude?)",1,""
"prey","MarineAlgae PLANT","PLANT","non-animal (exclude?)",1,""
"prey","Melancium campestris PLANT","PLANT","non-animal (exclude?)",1,""
"prey","Melica PLANT","PLANT","non-animal (exclude?)",1,""
"prey","Mertensia PLANT","PLANT","non-animal (exclude?)",1,""
"prey","Moss PLANT","PLANT","non-animal (exclude?)",1,""
"prey","Myrtus communis PLANT","PLANT","non-animal (exclude?)",1,""
"prey","Nut_Carya PLANT","PLANT","non-animal (exclude?)",1,""
"prey","Nuts PLANT","PLANT","non-animal (exclude?)",1,""
"prey","Own Hair PLANT","PLANT","non-animal (exclude?)",1,""
"prey","Paddy rice PLANT","PLANT","non-animal (exclude?)",1,""
"prey","Palicourea sp PLANT","PLANT","non-animal (exclude?)",1,""
"prey","Pastinaca PLANT","PLANT","non-animal (exclude?)",1,""
"prey","Perideridia PLANT","PLANT","non-animal (exclude?)",1,""
"prey","Polygonium PLANT","PLANT","non-animal (exclude?)",1,""
"prey","Prunus_emarginata PLANT","PLANT","non-animal (exclude?)",1,""
"prey","Pteridophyta PLANT","PLANT","non-animal (exclude?)",1,""
"prey","Quercus PLANT","PLANT","non-animal (exclude?)",1,""
"prey","Ranunculus PLANT","PLANT","non-animal (exclude?)",1,""
"prey","Rhamnus PLANT","PLANT","non-animal (exclude?)",1,""
"prey","Ribes_roezlii PLANT","PLANT","non-animal (exclude?)",1,""
"prey","Rubus_parviflorus PLANT","PLANT","non-animal (exclude?)",1,""
"prey","Ruppia PLANT","PLANT","non-animal (exclude?)",1,""
"prey","Russula PLANT","PLANT","non-animal (exclude?)",1,""
"prey","Sambucus PLANT","PLANT","non-animal (exclude?)",1,""
"prey","Smilacina PLANT","PLANT","non-animal (exclude?)",1,""
"prey","Talisea angustifolia PLANT","PLANT","non-animal (exclude?)",1,""
"prey","Taraxacum PLANT","PLANT","non-animal (exclude?)",1,""
"prey","Trifolium PLANT","PLANT","non-animal (exclude?)",1,""
"prey","Vaccinium PLANT","PLANT","non-animal (exclude?)",1,""
"prey","Vespidae PLANT","PLANT","non-animal (exclude?)",1,""
"prey","Etheostoma_swaini Actinoptergii_Percidae","ACTINOPTERYGII","vertebrate (look up)",1,"FishBase"
"prey","Percidae Actinoptergii_Percidae","ACTINOPTERYGII","vertebrate (look up)",1,"FishBase"
"prey","Catostomus_occidentalis Actinopterygii","ACTINOPTERYGII","vertebrate (look up)",1,"FishBase"
"prey","Clarias Actinopterygii","ACTINOPTERYGII","vertebrate (look up)",1,"FishBase"
"prey","Fishes Actinopterygii","ACTINOPTERYGII","vertebrate (look up)",1,"FishBase"
"prey","Gadidae Actinopterygii","ACTINOPTERYGII","vertebrate (look up)",1,"FishBase"
"prey","Moxostoma_austrinum Actinopterygii","ACTINOPTERYGII","vertebrate (look up)",1,"FishBase"
"prey","Myoxocephalus Actinopterygii","ACTINOPTERYGII","vertebrate (look up)",1,"FishBase"
"prey","Urophycis Actinopterygii","ACTINOPTERYGII","vertebrate (look up)",1,"FishBase"
"prey","Catostomidae Actinopterygii_Catostomidae","ACTINOPTERYGII","vertebrate (look up)",1,"FishBase"
"prey","Lepomis Actinopterygii_Centrarchidae","ACTINOPTERYGII","vertebrate (look up)",1,"FishBase"
"prey","Micropterus Actinopterygii_Centrarchidae","ACTINOPTERYGII","vertebrate (look up)",1,"FishBase"
"prey","Notemigonus_crysoleucas Actinopterygii_Cyprinidae","ACTINOPTERYGII","vertebrate (look up)",1,"FishBase"
"prey","Notropis Actinopterygii_Cyprinidae","ACTINOPTERYGII","vertebrate (look up)",1,"FishBase"
"prey","Notropis_texanus Actinopterygii_Cyprinidae","ACTINOPTERYGII","vertebrate (look up)",1,"FishBase"
"prey","Notropis_venustus Actinopterygii_Cyprinidae","ACTINOPTERYGII","vertebrate (look up)",1,"FishBase"
"prey","Ictaluridae Actinopterygii_Ictaluridae","ACTINOPTERYGII","vertebrate (look up)",1,"FishBase"
"prey","Ictalurus Actinopterygii_Ictaluridae","ACTINOPTERYGII","vertebrate (look up)",1,"FishBase"
"prey","Ictalurus_brunneus Actinopterygii_Ictaluridae","ACTINOPTERYGII","vertebrate (look up)",1,"FishBase"
"prey","Ictalurus_catus Actinopterygii_Ictaluridae","ACTINOPTERYGII","vertebrate (look up)",1,"FishBase"
"prey","Ictalurus_natalis Actinopterygii_Ictaluridae","ACTINOPTERYGII","vertebrate (look up)",1,"FishBase"
"prey","Ictalurus_punctatus Actinopterygii_Ictaluridae","ACTINOPTERYGII","vertebrate (look up)",1,"FishBase"
"prey","Notorus_gyrinus Actinopterygii_Ictaluridae","ACTINOPTERYGII","vertebrate (look up)",1,"FishBase"
"prey","Indet Amniota","AMNIOTA","vertebrate (look up)",1,"resolve to finer clade"
"prey","Bufo Amphibia_Anura","AMPHIBIA","vertebrate (look up)",1,"AmphiBIO"
"prey","Bufo_melanostictus Amphibia_Anura","AMPHIBIA","vertebrate (look up)",1,"AmphiBIO"
"prey","Bufo_viridis Amphibia_Anura","AMPHIBIA","vertebrate (look up)",1,"AmphiBIO"
"prey","Bufonid Amphibia_Anura","AMPHIBIA","vertebrate (look up)",1,"AmphiBIO"
"prey","Frog Amphibia_Anura","AMPHIBIA","vertebrate (look up)",1,"AmphiBIO"
"prey","Indet_adult Amphibia_Anura","AMPHIBIA","vertebrate (look up)",1,"AmphiBIO"
"prey","Indet_tadpole Amphibia_Anura","AMPHIBIA","vertebrate (look up)",1,"AmphiBIO"
"prey","RanaTadpole Amphibia_Anura","AMPHIBIA","vertebrate (look up)",1,"AmphiBIO"
"prey","Sclerophrys_capensis Amphibia_Anura","AMPHIBIA","vertebrate (look up)",1,"AmphiBIO"
"prey","Sclerophrys_pantherinus Amphibia_Anura","AMPHIBIA","vertebrate (look up)",1,"AmphiBIO"
"prey","Tomopterna Amphibia_Anura","AMPHIBIA","vertebrate (look up)",1,"AmphiBIO"
"prey","Vandijkophrynus_gariepensis Amphibia_Anura","AMPHIBIA","vertebrate (look up)",1,"AmphiBIO"
"prey","Necturus_beyeri Amphibia_Caudata","AMPHIBIA","vertebrate (look up)",1,"AmphiBIO"
"prey","Indet Aves_Anatidae","AVES","vertebrate (look up)",1,"AVONET / EltonTraits-Bird"
"prey","Anserinae Aves_Anseriformes","AVES","vertebrate (look up)",1,"AVONET / EltonTraits-Bird"
"prey","Bucepala Aves_Anseriformes","AVES","vertebrate (look up)",1,"AVONET / EltonTraits-Bird"
"prey","Indet Aves_Apodiformes","AVES","vertebrate (look up)",1,"AVONET / EltonTraits-Bird"
"prey","Indet Aves_Ardeidae","AVES","vertebrate (look up)",1,"AVONET / EltonTraits-Bird"
"prey","Laridae Aves_Charadriiformes","AVES","vertebrate (look up)",1,"AVONET / EltonTraits-Bird"
"prey","Scolopacidae Aves_Charadriiformes","AVES","vertebrate (look up)",1,"AVONET / EltonTraits-Bird"
"prey","Indet Aves_Columbidae","AVES","vertebrate (look up)",1,"AVONET / EltonTraits-Bird"
"prey","Columbidae Aves_Columbiformes","AVES","vertebrate (look up)",1,"AVONET / EltonTraits-Bird"
"prey","Indet Aves_Columbiiformes","AVES","vertebrate (look up)",1,"AVONET / EltonTraits-Bird"
"prey","Gallinula/Fulica Aves_Gruiformes","AVES","vertebrate (look up)",1,"AVONET / EltonTraits-Bird"
"prey","Turdidae Aves_Passeriformes","AVES","vertebrate (look up)",1,"AVONET / EltonTraits-Bird"
"prey","Psittscidae Aves_Psittaciformes","AVES","vertebrate (look up)",1,"AVONET / EltonTraits-Bird"
"prey","Indet Aves_Ralliformes","AVES","vertebrate (look up)",1,"AVONET / EltonTraits-Bird"
"prey","Cetacea Mammalia_Artiodactyla","MAMMALIA","vertebrate (look up)",1,"PanTHERIA / EltonTraits-Mammal"
"prey","Indet Mammalia_Artiodactyla_Cervidae","MAMMALIA","vertebrate (look up)",1,"PanTHERIA / EltonTraits-Mammal"
"prey","Phocidae Mammalia_Carnivora_Caniformia","MAMMALIA","vertebrate (look up)",1,"PanTHERIA / EltonTraits-Mammal"
"prey","Atherix Mammalia_Euliptophyla_Sorcidae","MAMMALIA","vertebrate (look up)",1,"PanTHERIA / EltonTraits-Mammal"
"prey","Lepus/Sylvilagus Mammalia_Lagomorpha","MAMMALIA","vertebrate (look up)",1,"PanTHERIA / EltonTraits-Mammal"
"prey","Arboreal Mammalia_Metatheria","MAMMALIA","vertebrate (look up)",1,"PanTHERIA / EltonTraits-Mammal"
"prey","Macropodidae Mammalia_Metatheria","MAMMALIA","vertebrate (look up)",1,"PanTHERIA / EltonTraits-Mammal"
"prey","Small Mammalia_Metatheria","MAMMALIA","vertebrate (look up)",1,"PanTHERIA / EltonTraits-Mammal"
"prey","Indet Mammalia_Primates","MAMMALIA","vertebrate (look up)",1,"PanTHERIA / EltonTraits-Mammal"
"prey","Cricetidae Mammalia_Rodentia","MAMMALIA","vertebrate (look up)",1,"PanTHERIA / EltonTraits-Mammal"
"prey","Gerbilliscus Mammalia_Rodentia","MAMMALIA","vertebrate (look up)",1,"PanTHERIA / EltonTraits-Mammal"
"prey","Lemmini Mammalia_Rodentia","MAMMALIA","vertebrate (look up)",1,"PanTHERIA / EltonTraits-Mammal"
"prey","Mice Mammalia_Rodentia","MAMMALIA","vertebrate (look up)",1,"PanTHERIA / EltonTraits-Mammal"
"prey","Murinae Mammalia_Rodentia","MAMMALIA","vertebrate (look up)",1,"PanTHERIA / EltonTraits-Mammal"
"prey","Myodes Mammalia_Rodentia","MAMMALIA","vertebrate (look up)",1,"PanTHERIA / EltonTraits-Mammal"
"prey","Pitymys Mammalia_Rodentia","MAMMALIA","vertebrate (look up)",1,"PanTHERIA / EltonTraits-Mammal"
"prey","Rats Mammalia_Rodentia","MAMMALIA","vertebrate (look up)",1,"PanTHERIA / EltonTraits-Mammal"
"prey","Rodents Mammalia_Rodentia","MAMMALIA","vertebrate (look up)",1,"PanTHERIA / EltonTraits-Mammal"
"prey","indet Squamata","SQUAMATA","vertebrate (look up)",1,"Feldman et al. / Meiri squamate mass"
"prey","Stenodactylus_doriae Squamata_Gekkota","SQUAMATA","vertebrate (look up)",1,"Feldman et al. / Meiri squamate mass"
"prey","Cnemidophorus Squamata_Gymnopthalmidae","SQUAMATA","vertebrate (look up)",1,"Feldman et al. / Meiri squamate mass"
"prey","Crotaphytidae Squamata_Iguania","SQUAMATA","vertebrate (look up)",1,"Feldman et al. / Meiri squamate mass"
"prey","Sceloporine Squamata_Iguania","SQUAMATA","vertebrate (look up)",1,"Feldman et al. / Meiri squamate mass"
"prey","Eremias_strauchi Squamata_Lacertidae","SQUAMATA","vertebrate (look up)",1,"Feldman et al. / Meiri squamate mass"
"prey","Indet Squamata_Scincidae","SQUAMATA","vertebrate (look up)",1,"Feldman et al. / Meiri squamate mass"
"prey","Baeodon_fuliginosus Squamata_Serpentes","SQUAMATA","vertebrate (look up)",1,"Feldman et al. / Meiri squamate mass"
"prey","Boaedon_capensis Squamata_Serpentes","SQUAMATA","vertebrate (look up)",1,"Feldman et al. / Meiri squamate mass"
"prey","Colubridae/Viperidae Squamata_Serpentes","SQUAMATA","vertebrate (look up)",1,"Feldman et al. / Meiri squamate mass"
"prey","Hemachatus_haemachatus Squamata_Serpentes","SQUAMATA","vertebrate (look up)",1,"Feldman et al. / Meiri squamate mass"
"prey","Homoroselaps_lacteus Squamata_Serpentes","SQUAMATA","vertebrate (look up)",1,"Feldman et al. / Meiri squamate mass"
"prey","Psammophis_notostictus Squamata_Serpentes","SQUAMATA","vertebrate (look up)",1,"Feldman et al. / Meiri squamate mass"
"prey","Psammophylax_rhombeatus Squamata_Serpentes","SQUAMATA","vertebrate (look up)",1,"Feldman et al. / Meiri squamate mass"
"prey","Psammophylax_tritaeniatus Squamata_Serpentes","SQUAMATA","vertebrate (look up)",1,"Feldman et al. / Meiri squamate mass"
"prey","Tupinambis Squamata_Teidae","SQUAMATA","vertebrate (look up)",1,"Feldman et al. / Meiri squamate mass"
"prey","Teiidae Squamata_Teiidae","SQUAMATA","vertebrate (look up)",1,"Feldman et al. / Meiri squamate mass"
"prey","Varanus Squamata_Varanidae","SQUAMATA","vertebrate (look up)",1,"Feldman et al. / Meiri squamate mass"
"prey","Varanus_ornatus_juvenile Squamata_Varanidae","SQUAMATA","vertebrate (look up)",1,"Feldman et al. / Meiri squamate mass"
"prey","Kachuga_tecta Testudines","TESTUDINES","vertebrate (look up)",1,"literature / TraitBank"
"prey","Kinosternum_subrubrum Testudines","TESTUDINES","vertebrate (look up)",1,"literature / TraitBank"
"predator","Pituophis ruthveni","SQUAMATA","vertebrate (look up)",NA,"Feldman et al. / Meiri squamate mass"
"predator","Pituophis lodingi","SQUAMATA","vertebrate (look up)",NA,"Feldman et al. / Meiri squamate mass"
"predator","Naja nivea","SQUAMATA","vertebrate (look up)",NA,"Feldman et al. / Meiri squamate mass"
