id,species,clade,femur,tibio,humerus,radius,mass
1,Apatosaurus_minimus,Sauropodomorpha,NA,NA,NA,NA,NA
2,Cetiosauriscus_greppini,Sauropodomorpha,NA,520,560,NA,NA
3,Cetiosaurus_glymptonensis,Sauropodomorpha,NA,NA,NA,NA,NA
4,Gyposaurus_sinensis,Sauropodomorpha,235.5,202,150,85,3.8E+01
5,Huanghetitan_ruyangensis,Sauropodomorpha,NA,NA,NA,NA,NA
6,Morosaurus_agilis,Sauropodomorpha,NA,NA,NA,NA,NA
7,Pelorosaurus_becklesii,Sauropodomorpha,NA,NA,600,414,NA
8,Yunnanosaurus_youngi,Sauropodomorpha,NA,NA,NA,NA,NA
9,Aardonyx_celestae,Sauropodomorpha,NA,NA,NA,283,NA
10,Abrosaurus_dongpoensis,Sauropodomorpha,NA,NA,NA,NA,NA
11,Adamantisaurus_mezzalirai,Sauropodomorpha,NA,NA,NA,NA,NA
12,Adeopapposaurus_mognai,Sauropodomorpha,230,212,159,99,4.4E+01
13,Aegyptosaurus_baharijensis,Sauropodomorpha,1290,890,1000,NA,NA
14,Aeolosaurus_maximus,Sauropodomorpha,1550,NA,NA,NA,NA
15,Aeolosaurus_colhuehuapensis,Sauropodomorpha,NA,NA,NA,NA,NA
16,Aeolosaurus_rionegrinus,Sauropodomorpha,NA,670,925,580,NA
17,Aeolosaurus_sp.,Sauropodomorpha,NA,NA,NA,NA,NA
18,Agustinia_ligabuei,Sauropodomorpha,NA,840,NA,NA,NA
19,Alamosaurus_sanjuanensis,Sauropodomorpha,NA,NA,1503,NA,3.5E+04
20,Amargasaurus_cazaui,Sauropodomorpha,1050,640,720,470,1.1E+04
21,Amargatitanis_macni,Sauropodomorpha,1118,NA,NA,NA,NA
22,Amazonsaurus_maranhensis,Sauropodomorpha,NA,NA,NA,NA,NA
23,Anchisaurus_polyzelus,Sauropodomorpha,275,260,NA,NA,1.4E+02
24,Ampelosaurus_atacis,Sauropodomorpha,710,NA,657,NA,2.5E+03
25,Amphicoelias_altus,Sauropodomorpha,1770,NA,NA,NA,NA
26,Amygdalodon_patagonicus,Sauropodomorpha,NA,NA,NA,NA,NA
27,Andesaurus_delgadoi,Sauropodomorpha,NA,NA,NA,NA,NA
28,Angolatitan_adamastor,Sauropodomorpha,NA,NA,1100,630,NA
29,Antarctosaurus_wichmannianus,Sauropodomorpha,2280,NA,NA,NA,NA
30,Antarctosaurus_brasilensis,Sauropodomorpha,NA,NA,NA,NA,2.0E+04
31,Antetonitrus_ingenipes,Sauropodomorpha,794,512,717,376,5.6E+03
32,Apatosaurus_excelsus,Sauropodomorpha,1725,1060,1080,786,3.1E+04
33,Apatosaurus_louisae,Sauropodomorpha,1785,1115,1150,800,4.1E+04
34,Apatosaurus_ajax,Sauropodomorpha,1870,1130,NA,780,3.3E+04
35,Apatosaurus_yahnahpin,Sauropodomorpha,NA,1070,1100,648,NA
36,Apatosaurus_parvus,Sauropodomorpha,1700,1068,1130,730,2.4E+04
37,Aragosaurus_ischiaticus,Sauropodomorpha,1420,NA,1120,792,NA
38,Archaeodontosaurus_descouensi,Sauropodomorpha,NA,NA,NA,NA,NA
39,Arcusaurus_pereirabdalorum,Sauropodomorpha,NA,NA,NA,NA,NA
40,Argentinosaurus_huinculensis,Sauropodomorpha,2250,NA,NA,NA,NA
41,Argyrosaurus_superbus,Sauropodomorpha,NA,NA,1370,849,NA
42,Atacamatitan_chilensis,Sauropodomorpha,1100,NA,NA,NA,4.3E+03
43,Atlasaurus_imelakei,Sauropodomorpha,1943,1093,1973,1214,2.6E+04
44,Atsinganosaurus_velauciensis,Sauropodomorpha,NA,530,NA,NA,NA
45,Australodocus_bohetii,Sauropodomorpha,NA,NA,NA,NA,NA
46,Austrosaurus_mckillopi,Sauropodomorpha,NA,NA,NA,NA,NA
47,Baotianmansaurus_henanensis,Sauropodomorpha,NA,NA,NA,NA,NA
48,Barapasaurus_tagorei,Sauropodomorpha,1365,NA,NA,NA,NA
49,Barosaurus_lentus,Sauropodomorpha,1440,1064,1034,NA,1.3E+04
50,Barrosasaurus_casamiquelai,Sauropodomorpha,NA,NA,NA,NA,NA
51,Baurutitan_britoi,Sauropodomorpha,NA,NA,NA,NA,NA
52,Bellusaurus_sui,Sauropodomorpha,550,295,370,202,NA
53,Blikanasaurus_cromptoni,Sauropodomorpha,NA,376,NA,NA,NA
54,Bonatitan_reigi,Sauropodomorpha,585,373,363,195,1.0E+03
55,Bonitasaura_salgadoi,Sauropodomorpha,NA,NA,NA,NA,NA
56,Borealosaurus_wimani,Sauropodomorpha,NA,NA,NA,NA,NA
57,Bothriospondylus_from_France,Sauropodomorpha,1460,870,1330,880,1.5E+04
58,Brachiosaurus_altithorax,Sauropodomorpha,2030,NA,2040,NA,5.6E+04
59,Brachytrachelopan_mesai,Sauropodomorpha,NA,NA,NA,NA,NA
60,Camarasaurus_lewisi,Sauropodomorpha,NA,NA,1018,720,NA
61,Camarasaurus_grandis,Sauropodomorpha,1485,930,1130,NA,1.8E+04
62,Camarasaurus_lentus,Sauropodomorpha,750,NA,545,NA,3.8E+03
63,Camarasaurus_supremus,Sauropodomorpha,NA,NA,NA,NA,NA
64,Camelotia_borealis,Sauropodomorpha,1008,NA,NA,NA,NA
65,Cardiodon_rugulosus,Sauropodomorpha,NA,NA,NA,NA,NA
66,Cathartesaura_anaerobica,Sauropodomorpha,1380,NA,NA,NA,NA
67,Cedarosaurus_weiskopfae,Sauropodomorpha,1395,NA,1380,812,1.5E+04
68,Cetiosauriscus_stewarti,Sauropodomorpha,1360,NA,940,NA,1.6E+04
69,Cetiosaurus_oxoniensis,Sauropodomorpha,1615,945,1260,NA,2.7E+04
70,Chinshakiangosaurus_chunghoensis,Sauropodomorpha,NA,NA,NA,NA,NA
71,Chromogisaurus_novasi,Sauropodomorpha,NA,175,NA,NA,1.3E+01
72,Chuanjiesaurus_anaensis,Sauropodomorpha,1360,NA,1042,665,1.2E+04
73,Chuanjiesaurus_anaensis,Sauropodomorpha,1375,890,1065,655,1.6E+04
74,Chubutisaurus_insignis,Sauropodomorpha,1700,1015,1460,840,2.9E+04
75,Chuxiongosaurus_lufengensis,Sauropodomorpha,NA,NA,NA,NA,NA
76,Coloradisaurus_brevis,Sauropodomorpha,NA,NA,NA,NA,NA
76.5,Comahuesaurus_windhauseni,Sauropodomorpha,1217,NA,696,NA,1.2E+04
77,Daanosaurus_zhangi,Sauropodomorpha,NA,NA,NA,NA,NA
78,Dashanpusaurus_dongi,Sauropodomorpha,1114,672,921,688,9.8E+03
79,Datousaurus_bashanensis,Sauropodomorpha,NA,NA,NA,NA,NA
80,Daxiatitan_binglingi,Sauropodomorpha,1770,NA,NA,NA,NA
81,Demandasaurus_darwini,Sauropodomorpha,1080,NA,NA,NA,NA
82,Diamantinasaurus_matildae,Sauropodomorpha,1330,80,1110,NA,2.3E+04
83,Dicraeosaurus_sattleri,Sauropodomorpha,1205,NA,735,NA,1.0E+04
84,Dinheirosaurus_lourinhanensis,Sauropodomorpha,NA,NA,NA,NA,NA
85,Diplodocus_longus,Sauropodomorpha,1575,1020,1032,682,1.5E+04
86,Diplodocus_hayi,Sauropodomorpha,1448,935,936,660,1.6E+04
87,Diplodocus_carnegiei,Sauropodomorpha,1520,NA,965,NA,1.4E+04
88,Diplodocus_lacustris,Sauropodomorpha,NA,NA,NA,NA,NA
89,Diplodocus_hallorum,Sauropodomorpha,NA,NA,NA,NA,NA
90,Dongbeititan_dongi,Sauropodomorpha,1160,680,NA,NA,NA
91,Dongyangosaurus_sinensis,Sauropodomorpha,NA,NA,NA,NA,NA
92,Dystrophaeus_viaemalae,Sauropodomorpha,NA,NA,765,NA,NA
93,Efraasia_diagnostica,Sauropodomorpha,230,216,175,NA,3.7E+01
94,Elaltitan_lilloi,Sauropodomorpha,NA,NA,1300,730,4.3E+04
95,Eomamenchisaurus_yuanmouensis,Sauropodomorpha,1100,700,NA,NA,NA
96,Epachthosaurus_sciuttoi,Sauropodomorpha,1095,700,935,550,1.3E+04
97,Erketu_ellisoni,Sauropodomorpha,NA,710,NA,NA,NA
98,Eucnemesaurus_fortis,Sauropodomorpha,NA,NA,NA,NA,6.9E+02
99,Euhelopus_zdanskyi,Sauropodomorpha,NA,NA,910,NA,5.9E+03
100,Europasaurus_holgeri,Sauropodomorpha,510,NA,450,NA,1.0E+03
101,Ferganasaurus_verzilini,Sauropodomorpha,1080,710,890,580,8.8E+03
102,Fukuititan_nipponensis,Sauropodomorpha,1140,NA,910,600,6.8E+03
103,Fusuisaurus_zhaoi,Sauropodomorpha,NA,NA,NA,NA,NA
104,Futalognkosaurus_dukei,Sauropodomorpha,1945,NA,1510,965,3.8E+04
105,Galveosaurus_herreroi,Sauropodomorpha,NA,NA,1530,NA,NA
106,Giraffatitan_brancai,Sauropodomorpha,NA,1180,2130,1240,3.4E+04
107,Glacialisaurus_hammeri,Sauropodomorpha,NA,NA,NA,NA,NA
108,Gobititan_shenzhouensis,Sauropodomorpha,NA,920,NA,NA,NA
109,Gondwanatitan_faustoi,Sauropodomorpha,NA,551,715,NA,NA
110,Gongxianosaurus_shibeiensis,Sauropodomorpha,1150,710,920,547,NA
111,Haplocanthosaurus_delfsi,Sauropodomorpha,1745,NA,NA,NA,NA
112,Haplocanthosaurus_priscus,Sauropodomorpha,1275,NA,NA,NA,NA
113,Histriasaurus_boscarollii,Sauropodomorpha,NA,NA,NA,NA,NA
114,Huabeisaurus_allocotus,Sauropodomorpha,1560,1150,NA,NA,NA
115,Huanghetitan_liujiaxiaensis,Sauropodomorpha,NA,NA,NA,NA,NA
116,Hudiesaurus_sinojapanorum,Sauropodomorpha,NA,NA,1210,790,NA
117,Ignavusaurus_rachelis,Sauropodomorpha,152.7,NA,NA,60.3,NA
118,Isanosaurus_attavipachi,Sauropodomorpha,760,NA,NA,NA,NA
119,Isisaurus_colberti,Sauropodomorpha,NA,NA,1480,NA,NA
120,Jainosaurus_septentrionalis,Sauropodomorpha,1288,810,952,520,1.2E+04
121,Jainosaurus_septentrionalis,Sauropodomorpha,NA,NA,NA,NA,NA
122,Janenschia_robusta,Sauropodomorpha,1230,NA,890,NA,1.4E+04
123,Jiangshanosaurus_lixianensis,Sauropodomorpha,NA,NA,NA,NA,NA
124,Jingshanosaurus_xinwaensis,Sauropodomorpha,845,690,450,259,2.9E+03
125,Jiutaisaurus_xidensis,Sauropodomorpha,NA,NA,NA,NA,NA
126,Jobaria_tiguidensis,Sauropodomorpha,1416,NA,1005,NA,1.4E+04
127,Jobaria_tiguidensis,Sauropodomorpha,1800,1080,1360,1040,NA
128,Karongasaurus_gittlemani,Sauropodomorpha,NA,NA,NA,NA,NA
129,Klamelisaurus_gobiensis,Sauropodomorpha,1200,740,920,560,1.1E+04
130,Kotasaurus_yamanpalliensis,Sauropodomorpha,1170,680,750,720,5.0E+03
131,Kunmingosaurus,Sauropodomorpha,880,NA,NA,NA,NA
132,Lamplughsaura_dharmarensis,Sauropodomorpha,630,525,535,NA,NA
133,Laplatasaurus_araukanicus,Sauropodomorpha,NA,660,NA,NA,NA
134,Lapparentosaurus_madagascariensis,Sauropodomorpha,611,385,505,420,1.4E+03
135,Lessemsaurus_sauropoides,Sauropodomorpha,760,NA,485,NA,1.8E+03
136,Leonerasaurus_taquetrensis,Sauropodomorpha,NA,NA,NA,NA,NA
137,Leyesaurus_marayensis,Sauropodomorpha,NA,NA,NA,NA,NA
138,Ligabuesaurus_leanzai,Sauropodomorpha,1660,1040,1490,NA,2.0E+04
139,Limaysaurus_tessonei,Sauropodomorpha,1440,850,900,690,1.2E+04
140,Lirainosaurus_astibiae,Sauropodomorpha,680,NA,550,NA,1.8E+03
141,Losillasaurus_giganteus,Sauropodomorpha,NA,NA,1430,NA,NA
142,Lourinhasaurus_alenquerensis,Sauropodomorpha,1740,1100,1500,1010,3.1E+04
143,Lufengosaurus_magnus,Sauropodomorpha,740,560,430,213,2.3E+03
144,Lusotitan_atalaiensis,Sauropodomorpha,NA,1120,2050,1130,NA
145,Magyarosaurus_dacus,Sauropodomorpha,475,NA,410,NA,7.5E+02
146,Malarguesaurus_florenciae,Sauropodomorpha,NA,NA,NA,NA,NA
147,Malawisaurus_dixeyi,Sauropodomorpha,NA,NA,722,NA,7.0E+03
148,Mamenchisaurus_constructus,Sauropodomorpha,1230,NA,970,690,1.8E+04
149,Mamenchisaurus_youngi,Sauropodomorpha,1125,665,835,545,6.2E+03
150,Massospondylus_carinatus,Sauropodomorpha,NA,NA,275,NA,4.9E+02
151,Maxakalisaurus_topai,Sauropodomorpha,NA,NA,NA,NA,NA
152,Melanorosaurus_readi,Sauropodomorpha,638,NA,450,NA,NA
153,Mendozasaurus_neguyelap,Sauropodomorpha,NA,990,1060,720,NA
154,Mongolosaurus_haplodon,Sauropodomorpha,NA,NA,NA,NA,NA
155,Mussaurus_patagonicus,Sauropodomorpha,NA,NA,NA,NA,NA
156,Muyelensaurus_pecheni,Sauropodomorpha,NA,NA,NA,NA,NA
157,Narambuenatitan_palomoi,Sauropodomorpha,NA,NA,920,NA,NA
158,Nemegtosaurus_mongoliensis,Sauropodomorpha,NA,NA,NA,NA,NA
159,Neuquensaurus_australis,Sauropodomorpha,810,NA,NA,NA,6.1E+03
160,Nigersaurus_taqueti,Sauropodomorpha,1000,NA,NA,NA,NA
161,Nopcsaspondylus_alarconensis,Sauropodomorpha,NA,NA,NA,NA,NA
162,Ohmdenosaurus_liassicus,Sauropodomorpha,NA,405,NA,NA,NA
163,Omeisaurus_maoianus,Sauropodomorpha,1120,660,785,510,7.8E+03
164,Omeisaurus_jiaoi,Sauropodomorpha,1400,900,1160,840,NA
165,Omeisaurus_tianfuensis,Sauropodomorpha,1310,820,1080,755,1.6E+04
166,Omeisaurus_junghsiensis,Sauropodomorpha,NA,NA,NA,NA,8.9E+03
167,Opisthocoelicaudia_skarzynskii,Sauropodomorpha,1395,810,1000,630,2.5E+04
168,Duriatitan_humerocristatus,Sauropodomorpha,NA,NA,1372,NA,NA
169,Sauroposeidon_proteles,Sauropodomorpha,1442,887,NA,789,1.2E+04
170,Pampadromaeus_barberenai,Sauropodomorpha,NA,NA,NA,NA,8.5E+00
171,Panamericansaurus_schroederi,Sauropodomorpha,NA,NA,1230,NA,NA
172,Panphagia_protos,Sauropodomorpha,NA,157,NA,NA,NA
173,Pantydraco_caducus,Sauropodomorpha,79,NA,NA,NA,1.2E+00
174,Paralititan_stromeri,Sauropodomorpha,NA,NA,1690,NA,NA
175,Patagosaurus_fariasi,Sauropodomorpha,1275,NA,NA,NA,NA
176,Pellegrinisaurus_powelli,Sauropodomorpha,NA,NA,NA,NA,NA
177,Pelorosaurus_conybeari,Sauropodomorpha,NA,NA,1372,NA,NA
178,Petrobrasaurus_puestohernandezi,Sauropodomorpha,1575,NA,1200,NA,1.5E+04
179,Phuwiangosaurus_sirindhornae,Sauropodomorpha,1250,NA,1020,NA,9.7E+03
180,Pitekunsaurus_macayai,Sauropodomorpha,NA,NA,NA,NA,NA
181,Plateosauravus_cullingworthi,Sauropodomorpha,600,NA,455,NA,1.3E+03
182,Plateosaurus_engelhardti,Sauropodomorpha,685,550,382,233,9.2E+02
183,Pleurocoelus_nanus,Sauropodomorpha,394,NA,363,NA,5.2E+02
184,Pleurocoelus_altus,Sauropodomorpha,NA,635,NA,NA,NA
185,Pradhania_gracilis,Sauropodomorpha,NA,NA,NA,NA,NA
186,Puertasaurus_reuili,Sauropodomorpha,NA,NA,NA,NA,NA
187,Qiaowanlong_kangxii,Sauropodomorpha,NA,NA,NA,NA,NA
188,Qingxiusaurus_youjiangensis,Sauropodomorpha,NA,NA,900,NA,NA
189,Quaesitosaurus_orientalis,Sauropodomorpha,NA,NA,NA,NA,NA
190,Rapetosaurus_krausei,Sauropodomorpha,687,500,524,365,1.6E+03
191,Rayososaurus_agrioensis,Sauropodomorpha,1250,NA,NA,NA,NA
192,Rebbachisaurus_garasbae,Sauropodomorpha,NA,NA,NA,NA,NA
193,Rhoetosaurus_brownei,Sauropodomorpha,NA,NA,NA,NA,NA
194,Rinconsaurus_caudamirus,Sauropodomorpha,990,NA,790,NA,4.1E+03
195,Riojasaurus_incertus,Sauropodomorpha,608,520,482,280,1.1E+03
196,Rocasaurus_muniozi,Sauropodomorpha,812,NA,NA,NA,NA
197,Ruehleia_bedheimensis,Sauropodomorpha,752,NA,475,NA,1.1E+03
198,Ruyangosaurus_giganteus,Sauropodomorpha,NA,1270,NA,NA,NA
199,Saltasaurus_loricatus,Sauropodomorpha,875,NA,550,NA,5.8E+03
200,Saltasaurus_loricatus,Sauropodomorpha,750,NA,NA,NA,NA
200.5,Sarahsaurus_aurifontanalis,Sauropodomorpha,340,NA,190,NA,1.0E+02
201,Saturnalia_tupiniquim,Sauropodomorpha,157,158,97,61,1.1E+01
202,Sauroposeidon_proteles,Sauropodomorpha,NA,NA,NA,NA,NA
203,Seitaad_ruessi,Sauropodomorpha,NA,273,182,117,NA
204,Shunosaurus_lii,Sauropodomorpha,1200,720,720,480,6.7E+03
205,Shunosaurus_lii,Sauropodomorpha,1250,800,NA,NA,NA
206,Sonidosaurus_saihangaobiensis,Sauropodomorpha,NA,NA,NA,NA,NA
207,Sonorasaurus_thompsoni,Sauropodomorpha,NA,980,NA,890,NA
208,Spinophorosaurus_nigerensis,Sauropodomorpha,1215,700,1121,NA,NA
209,Supersaurus_vivianae,Sauropodomorpha,NA,1255,NA,NA,NA
210,Suuwassea_emilieae,Sauropodomorpha,NA,NA,752,NA,NA
211,Tangvayosaurus_hoffeti,Sauropodomorpha,1620,NA,NA,NA,NA
212,Tapuiasaurus_macedoi,Sauropodomorpha,NA,NA,NA,527,NA
213,Tastavinsaurus_sanzi,Sauropodomorpha,1310,735,NA,NA,NA
214,Tazoudasaurus_naimi,Sauropodomorpha,1230,NA,1030,NA,NA
215,Tehuelchesaurus_benitezii,Sauropodomorpha,1580,NA,1140,750,4.1E+04
216,Tendaguria_tanzaniensis,Sauropodomorpha,NA,NA,NA,NA,NA
217,Thecodontosaurus_antiquus,Sauropodomorpha,NA,NA,NA,NA,NA
218,Tonganosaurus_hei,Sauropodomorpha,840,562,628,498,NA
219,Tornieria_africana,Sauropodomorpha,1420,NA,960,NA,1.2E+04
220,Traukutitan_eocaudata,Sauropodomorpha,1860,NA,NA,NA,NA
221,Trigonosaurus_pricei,Sauropodomorpha,NA,NA,NA,NA,NA
222,Turiasaurus_riodevensis,Sauropodomorpha,NA,NA,1790,1180,5.1E+04
223,Uberabatitan_ribeiroi,Sauropodomorpha,NA,726,NA,445,NA
224,Unaysaurus_tolentinoi,Sauropodomorpha,NA,NA,158,102,NA
225,Venenosaurus_dicrocei,Sauropodomorpha,NA,NA,NA,695,NA
226,Volkheimeria_chubutensis,Sauropodomorpha,655,390,NA,NA,NA
227,Vulcanodon_karibaensis,Sauropodomorpha,1100,634,700,NA,9.8E+03
228,Wintonotitan_wattsi,Sauropodomorpha,NA,NA,NA,NA,NA
229,Xenoposeidon_proneukos,Sauropodomorpha,NA,NA,NA,NA,NA
230,Xianshanosaurus_shijiagouensis,Sauropodomorpha,1260,NA,NA,NA,NA
231,Xixiposaurus_suni_,Sauropodomorpha,429,356,289,NA,2.6E+02
232,Yimenosaurus_youngi,Sauropodomorpha,872,NA,NA,NA,1.9E+03
233,Yuanmousaurus_jiangyiensis,Sauropodomorpha,1370,810,980,NA,7.8E+03
234,Yunnanosaurus_huangi,Sauropodomorpha,435,355,231,NA,4.3E+02
235,Zapalasaurus_bonapartei,Sauropodomorpha,1000,578,NA,NA,NA
236,Zby_atlanticus,Sauropodomorpha,NA,NA,1530,1040,NA
237,Abelisaurus_comahuensis,Theropoda,NA,NA,NA,NA,NA
238,Achillesaurus_manazzonei,Theropoda,NA,NA,NA,NA,NA
239,Achillobator_giganticus,Theropoda,505,490,NA,260,4.5E+02
240,Acrocanthosaurus_atokensis,Theropoda,1180,895,380,210,3.5E+03
241,Adasaurus_mongoliensis,Theropoda,273,302,NA,NA,4.4E+01
242,Aerosteon_riocoloradensis,Theropoda,NA,615,NA,NA,NA
243,Afrovenator_abakensis,Theropoda,760,NA,NA,NA,1.0E+03
244,Albertonykus_borealis,Theropoda,NA,191,NA,13,NA
245,Albertosaurus_sarcophagus,Theropoda,1020,1026,305,134,2.0E+03
246,Alectrosaurus_olseni,Theropoda,661,722,NA,NA,6.3E+02
247,Alethoalaornis_agitornis,Theropoda,28.3,28.8,29.3,26.7,1.4E-01
248,Alexornis_antecedens,Theropoda,NA,NA,NA,NA,3.3E-02
249,Alioramus_spp.,Theropoda,560,NA,NA,NA,2.8E+02
250,Allosaurus_fragilis,Theropoda,973,766,NA,NA,2.5E+03
251,Allosaurus_fragilis,Theropoda,742,706.5,318,200,NA
252,Alvarezsaurus_calvoi,Theropoda,NA,NA,NA,NA,3.1E+00
253,Alxasaurus_elesitaiensis,Theropoda,555,NA,375,245,NA
254,Ambiortus,Theropoda,NA,NA,NA,NA,NA
255,Anchiornis_huxleyi,Theropoda,66.2,102.144,69,54,7.0E-01
256,Angaturama_limai,Theropoda,NA,NA,NA,NA,NA
257,Aniksosaurus_darwini,Theropoda,247,NA,NA,NA,3.8E+01
258,Anserimimus_planinychus,Theropoda,433,472,250,226,1.8E+02
259,Apatornis_celer,Theropoda,NA,NA,NA,NA,NA
260,Appalachiosaurus_montgomeriensis,Theropoda,786,762,NA,NA,8.9E+02
261,Apsaravis_ukhaana,Theropoda,41,NA,48,43,1.1E-01
262,Archaeopteryx_lithographica,Theropoda,53,65.76,64,54,1.9E-01
263,Archaeopteryx_lithographica,Theropoda,70,89.5,83,NA,9.9E-01
264,Archaeorhynchus_spathula,Theropoda,37,40.8,53,NA,1.7E-01
265,Archaeornithoides_deinosauriscus,Theropoda,NA,NA,NA,NA,NA
266,Archaeornithomimus_asiaticus,Theropoda,402,423,275,202,1.9E+02
267,Aristosuchus_pusillus,Theropoda,NA,NA,NA,NA,NA
268,Asiahesperornis_bazhanovi,Theropoda,NA,NA,NA,NA,NA
269,Atrociraptor_marshalli,Theropoda,NA,NA,NA,NA,NA
270,Aucasaurus_garridoi,Theropoda,730,620,265,82,8.5E+02
271,Austinornis_lentus,Theropoda,NA,NA,NA,NA,NA
272,Australovenator_wintonensis,Theropoda,578,567,305,213,3.1E+02
273,Austroraptor_cabazai,Theropoda,560,565,260,NA,5.2E+02
274,Aviatyrannis_jurassica,Theropoda,NA,NA,NA,NA,NA
275,Avimimus_portentosus,Theropoda,186,255,93,93,1.1E+01
276,Avisaurus_archibaldi,Theropoda,NA,NA,NA,NA,NA
277,Avisaurus_gloriae,Theropoda,NA,NA,NA,NA,NA
278,Bagaraatan_ostromi,Theropoda,NA,365,NA,NA,7.3E+01
279,Balaur_bondoc,Theropoda,NA,146.88,117,96,NA
280,Balaur_bondoc,Theropoda,NA,NA,170,NA,NA
281,Bahariasaurus_ingens,Theropoda,NA,NA,NA,NA,NA
282,Bambiraptor_feinbergorum,Theropoda,120,168,103,85,3.6E+00
283,Baptornis_advenus,Theropoda,75,200,NA,NA,4.9E+00
284,Baptornis_varneri,Theropoda,NA,198.2112,NA,NA,1.0E+01
285,Baryonyx_walkeri,Theropoda,NA,NA,463,225,NA
286,Becklespinax_altipinax,Theropoda,NA,NA,NA,NA,NA
287,Beipiaosaurus_inexpectus,Theropoda,263,274,NA,NA,NA
288,Beishanlong_grandis,Theropoda,660,660,465,338,6.2E+02
289,Dromiceoiomimus_breviterius,Theropoda,432,531,NA,NA,1.3E+02
290,Dromiceoiomimus_breviterius,Theropoda,378,430.08,283,NA,NA
291,Berberosaurus,Theropoda,NA,NA,NA,NA,NA
292,Boluochia_zhengi,Theropoda,NA,NA,NA,NA,1.2E-01
293,Borogovia_gracilicrus,Theropoda,NA,NA,NA,NA,NA
294,Buitreraptor_gonzalezorum,Theropoda,147,NA,135,95,3.3E+00
295,Byronosaurus_jaffei,Theropoda,NA,NA,NA,NA,NA
296,Caenagnathasia_martinsoni,Theropoda,NA,NA,NA,NA,NA
296.5,Caenagnathus_collinsi,Theropoda,NA,NA,NA,NA,NA
297,Carcharodontosaurus_saharicus,Theropoda,1177,NA,NA,NA,3.0E+03
298,Carnotaurus_sastrei,Theropoda,1035,NA,284,76,1.6E+03
299,Cathayornis_yandica,Theropoda,23,28.9,27,26,2.3E-02
300,Caudipteryx_zhoui,Theropoda,149,196,70,56,NA
301,Ceramornis_major,Theropoda,NA,NA,NA,NA,NA
302,Ceratonykus_oculatus,Theropoda,NA,NA,NA,NA,3.0E-01
303,Ceratosaurus_nasicornis,Theropoda,759,594,330,NA,9.7E+02
304,Ceratosaurus_nasicornis,Theropoda,620,557,NA,149,5.0E+02
305,Changchengornis_hengdaoziensis,Theropoda,33.4,35.328,33.5,31,9.9E-02
306,Chaoyangia_beishanensis,Theropoda,45,NA,NA,NA,3.1E-01
307,Chilantaisaurus_tashuikouensis,Theropoda,1190,954,580,NA,3.6E+03
308,Chirostenotes_pergracilis,Theropoda,310,367,NA,NA,5.1E+01
309,Chuandongocoelurus_primitivus,Theropoda,200,214,NA,NA,1.8E+01
310,Cimolopteryx,Theropoda,NA,NA,NA,NA,NA
311,Citipati_osmolskae,Theropoda,NA,NA,233,214,1.2E+02
312,Coelophysis_bauri,Theropoda,217,NA,NA,NA,9.8E+00
313,Coelophysis_bauri,Theropoda,209,224,120,65,9.0E+00
314,Coelophysis_kayentakatae,Theropoda,272,276,NA,NA,3.0E+01
315,Coelophysis_rhodesiensis,Theropoda,208,214.08,100,61,1.3E+01
316,Coelurus_fragilis,Theropoda,210,255,119,81,2.9E+01
317,Compsognathus_corallestris,Theropoda,110,130.2,54,41,2.3E+00
318,Compsognathus_longipes,Theropoda,71.5,85,39,24.7,1.6E+00
319,Conchoraptor_gracilis,Theropoda,NA,NA,61,55,NA
320,Concornis_lacustris,Theropoda,25,31,32,30,4.6E-02
321,Condorraptor_currumili,Theropoda,NA,NA,NA,NA,3.6E+02
322,Confuciusornis_sanctus,Theropoda,56,62.4,67,54,4.7E-01
323,Confuciusornis_feducciai,Theropoda,59,66.24,78.5,73,1.1E+00
324,Confuciusornis_dui,Theropoda,35,39.36,42,37,NA
325,Confuciusornis_suniae,Theropoda,45,52.8,51,44,NA
326,Confuciusornis_jianchangensis,Theropoda,42,45.12,NA,NA,NA
327,Cruxicheiros_newmanorum,Theropoda,NA,NA,NA,NA,NA
328,Cryolophosaurus_ellioti,Theropoda,769,NA,NA,NA,3.5E+02
329,Dalingheornis_liwei,Theropoda,10.5,13.536,12.1,11.1,8.4E-03
330,Dapingfangornis_sentisorhinus,Theropoda,23,27.84,24,25.5,5.2E-02
331,Daspletosaurus_torosus,Theropoda,1030,897,NA,NA,2.7E+03
332,Daspletosaurus_torosus,Theropoda,NA,NA,357,175,NA
333,Daspletosaurus_torosus,Theropoda,655,706.56,225,96,6.0E+02
334,Daspletosaurus_torosus,Theropoda,1000,NA,NA,NA,3.2E+03
335,Deinocheirus_mirificus,Theropoda,NA,NA,938,630,NA
336,Deinonychus_antirrhopus,Theropoda,335,364,254,192,9.7E+01
337,Deinonychus_antirrhopus,Theropoda,NA,NA,227,172,NA
338,Deltadromeus_agilis,Theropoda,740,700,328,NA,3.8E+02
339,Didactylornis_jii,Theropoda,80,88,131,133,3.1E+00
340,Dilong_paradoxus,Theropoda,179,203,90.4,NA,1.0E+01
341,Dilong_paradoxus,Theropoda,179,203,90.4,NA,NA
342,Dilophosaurus_sinensis,Theropoda,590,495,302,175,5.6E+02
343,Dilophosaurus_wetherilli,Theropoda,610,550,NA,180,3.5E+02
344,Dilophosaurus_wetherilli,Theropoda,557,530,270,192,2.9E+02
345,Dracovenator_regenti,Theropoda,NA,NA,NA,NA,NA
346,Dromaeosauroides_bornholmensis,Theropoda,NA,NA,NA,NA,NA
347,Dromaeosaurus_albertensis,Theropoda,NA,NA,NA,NA,NA
348,Dryptosaurus_aquilunguis,Theropoda,800,759,300,NA,1.0E+03
349,Dubreuillosaurus_valesdunensis,Theropoda,NA,NA,NA,NA,NA
350,Duriavenator_hesperis,Theropoda,NA,NA,NA,NA,NA
351,Ekrixinatosaurus_novasi,Theropoda,770,694,NA,NA,1.3E+03
352,Elaphrosaurus_bambergi,Theropoda,529,608,NA,NA,2.6E+02
353,Elmisaurus_rarus,Theropoda,NA,NA,NA,NA,NA
354,Elopteryx_nopcsai,Theropoda,NA,NA,NA,NA,1.4E+01
355,Elsornis_keni,Theropoda,NA,NA,77.3,60.5,NA
356,Enaliornis,Theropoda,NA,NA,NA,NA,NA
357,Enantiophoenix_electrophyla,Theropoda,NA,NA,NA,NA,NA
358,Enantiornis_leali,Theropoda,NA,NA,26.9,NA,NA
359,Enigmosaurus_mongoliensis,Theropoda,NA,NA,NA,NA,NA
360,Eocarcharia_dinops,Theropoda,NA,NA,NA,NA,NA
361,Eocathayornis_walkeri,Theropoda,NA,NA,23.5,25.6,NA
362,Eoconfuciusornis_zhengi,Theropoda,34,38.4,32,32,1.7E-01
363,Eoenantiornis_buhleri,Theropoda,26.5,29.76,29.5,28.7,1.1E-01
364,Eolalulavis_hoyasi,Theropoda,NA,NA,26.2,29,5.5E-02
365,Eoraptor_lunensis,Theropoda,154,161.5,85,61,1.7E+01
366,Eodromaeus_murphi,Theropoda,160,165,85,66,NA
367,Eotyrannus_lengi,Theropoda,NA,NA,235,NA,NA
368,Epidendrosaurus_ningchengensis,Theropoda,16.2,18.9,17.1,15,NA
369,Epidexipteryx_hui,Theropoda,51,63,50,39,3.9E-01
370,Erectopus_superbus,Theropoda,480,NA,NA,NA,3.0E+02
371,Erliansaurus_bellamanus,Theropoda,412,373,276,220,2.0E+02
372,Erlikosaurus_andrewsi,Theropoda,NA,NA,300,NA,NA
373,Eshanosaurus_deguchiianus,Theropoda,NA,NA,NA,NA,NA
374,Eustreptospondylus_oxoniensis,Theropoda,510,495,231,130,3.6E+02
375,Falcarius_utahensis,Theropoda,340,355,NA,NA,8.4E+01
376,Fukuiraptor_kitadaniensis,Theropoda,507,NA,230,152,2.5E+02
377,Gallimimus_bullatus,Theropoda,680,703,NA,NA,4.8E+02
378,Gallimimus_bullatus,Theropoda,665,710.4,530,350,4.6E+02
379,Gallimimus_bullatus,Theropoda,395,412,NA,NA,1.3E+02
380,Gallimimus_bullatus,Theropoda,392,408,NA,NA,NA
381,Gansus_yumensis,Theropoda,31,61.44,48,51,1.1E-01
382,Gargantuavis_philoinos,Theropoda,NA,NA,NA,NA,1.9E+02
383,Garudimimus_brevipes,Theropoda,371,388,NA,NA,1.1E+02
384,Garudimimus_brevipes,Theropoda,499,484,NA,NA,2.1E+02
385,Gasosaurus_constructus,Theropoda,499,381,245,NA,NA
386,Genusaurus_sisteronis,Theropoda,390,NA,NA,NA,9.2E+01
387,Genyodectes_serus,Theropoda,NA,NA,NA,NA,NA
388,Giganotosaurus_carolinii,Theropoda,1320,990,NA,NA,6.1E+03
389,Gigantoraptor_erlianensis,Theropoda,1100,1180,735,636,2.0E+03
390,Gobipteryx_minuta,Theropoda,36,57.6,44,43,9.3E-02
391,Gojirasaurus_quayi,Theropoda,NA,469,NA,NA,NA
392,Gorgosaurus_libratus,Theropoda,1040,1000,324,156,2.5E+03
393,Graciliraptor_lujiatunensis,Theropoda,NA,NA,105,86,1.8E+00
394,Graculavus,Theropoda,NA,NA,NA,NA,NA
395,Guaibasaurus_candelariensis,Theropoda,268,229,131,NA,3.0E+01
396,Guanlong_wucaii,Theropoda,408,389,212,159,7.2E+01
397,Guanlong_wucaii,Theropoda,408,389,212,159,7.2E+01
398,Gurilynia_nessovi,Theropoda,NA,NA,NA,NA,NA
399,Hagryphus_giganteus,Theropoda,NA,NA,NA,NA,NA
400,Halimornis_thompsoni,Theropoda,NA,NA,NA,NA,NA
401,Haplocheirus_sollers,Theropoda,214,269,104,86,2.0E+01
402,Harpymimus_okladnikovi,Theropoda,NA,NA,294,217,NA
403,Herrerasaurus_ischigualastensis,Theropoda,482,415,NA,NA,2.7E+02
404,Herrerasaurus_ischigualastensis,Theropoda,354,318,181.6,153,NA
405,Hesperonychus_elizabethae,Theropoda,NA,NA,NA,NA,NA
406,Hesperornis_regalis,Theropoda,98,316,152,NA,2.3E+01
407,Hexing_qingyi,Theropoda,135,NA,90,76,NA
408,Hesperornis_crassipes,Theropoda,51,NA,NA,NA,2.4E+01
409,Heyuannia_huangi,Theropoda,255,320,NA,NA,NA
410,Hongshanornis_longicresta,Theropoda,22,36.48,26,22,3.1E-02
411,Horezmavis,Theropoda,NA,NA,NA,NA,NA
412,Huaxiagnathus_orientalis,Theropoda,164,162,89,53,2.0E+01
413,Hulsanpes_perlei,Theropoda,NA,NA,NA,NA,NA
414,Huoshanornis_huji,Theropoda,21,25.92,22,23,2.6E-02
415,Iberomesornis_romerali,Theropoda,16.4,20,17.6,18.2,1.6E-02
416,Iaceornis_marshi,Theropoda,NA,NA,NA,NA,NA
417,Ichthyornis_dispar,Theropoda,30.5,NA,58,59,9.1E-02
418,IGM100_1128,Theropoda,99,124,NA,NA,1.0E+00
419,IGM100_1323,Theropoda,70,97,NA,NA,NA
420,IGM100_44,Theropoda,NA,NA,NA,NA,NA
421,Iliosuchus_incognitus,Theropoda,NA,NA,NA,NA,NA
422,Ilokelesia_aguadagrandensis,Theropoda,NA,NA,NA,NA,NA
423,Incisivosaurus_gauthieri,Theropoda,NA,NA,NA,NA,NA
424,Indosaurus_matleyi,Theropoda,NA,NA,NA,NA,NA
425,Indosuchus_raptorius,Theropoda,NA,NA,NA,NA,NA
426,Ingenia_yanshini,Theropoda,235,303,139,95,4.0E+01
427,Irritator_challengeri,Theropoda,NA,NA,NA,NA,NA
428,Itemirus_medullaris,Theropoda,NA,NA,NA,NA,NA
429,Jeholornis_prima,Theropoda,75,84.48,110,106,2.6E+00
430,Jianchangornis_microdonta,Theropoda,60,72.96,76,80,7.5E-01
431,Jibeinia_luanhera,Theropoda,22.2,26.88,23.3,24.2,3.6E-02
432,Jinfengopteryx_elegans,Theropoda,70,101,49,42,1.5E+00
433,Jinzhouornis_zhangjiyingia,Theropoda,NA,NA,NA,NA,NA
434,Jixiangornis_orientalis,Theropoda,71.9,83.2,112,103.4,1.2E+00
435,Judinornis_nogontsavensis,Theropoda,NA,NA,NA,NA,NA
436,Juravenator_starki,Theropoda,52,58,27,19,4.1E-01
437,Kaijiangosaurus_lini,Theropoda,400,NA,NA,NA,NA
438,Kakuru_kujani,Theropoda,NA,NA,NA,NA,NA
439,Kelmayisaurus_petrolicus,Theropoda,NA,NA,NA,NA,NA
440,Khaan_mckennai,Theropoda,140,154,88,69,2.6E+01
441,Kinnareemimus,Theropoda,NA,254,NA,NA,NA
442,Qiupalong_henanensis,Theropoda,NA,384,NA,NA,NA
443,Kizylkumavis_cretacea,Theropoda,NA,NA,NA,NA,NA
444,Kryptops_palaios,Theropoda,NA,NA,NA,NA,NA
445,Kuszholia,Theropoda,NA,NA,NA,NA,NA
446,Labocania_anomala,Theropoda,NA,NA,NA,NA,NA
447,Laevisuchus_indicus,Theropoda,NA,NA,NA,NA,NA
448,Lametasaurus_indicus,Theropoda,NA,580,NA,NA,NA
449,Lectavis_bretincola,Theropoda,NA,NA,NA,NA,NA
450,Lenesornis_maltshavskyi,Theropoda,NA,NA,NA,NA,NA
450.5,Leptorhynchos,Theropoda,NA,NA,NA,NA,NA
451,Leshansaurus_qianweiensis,Theropoda,600,580,NA,NA,6.8E+02
452,Liaoningornis_longiditris,Theropoda,27,32.2,NA,NA,6.4E-02
453,Ligabueino_andesi,Theropoda,64,NA,NA,NA,3.5E-01
454,Liliensternus_liliensterni,Theropoda,424,414.5,200,150,8.4E+01
455,Limenavis_patagonica,Theropoda,NA,NA,NA,NA,NA
456,Limusaurus_inextricabilis,Theropoda,210,239.04,85,45,1.7E+01
457,Linheraptor_exquisitus,Theropoda,225,255,157,106,NA
458,Lonchodytes_estesi,Theropoda,NA,NA,NA,NA,NA
459,Longchengornis_sanyanensis,Theropoda,26,32.64,27.6,29,8.4E-02
460,Longipteryx_chaoyangensis,Theropoda,30,28.896,43,45,1.3E-01
461,Longirostravis_hani,Theropoda,20,24.096,24,25,3.1E-02
462,Lophostropheus_airlensis,Theropoda,NA,NA,NA,NA,NA
463,Lourinhanosaurus_antunesi,Theropoda,430,NA,NA,NA,2.4E+02
464,Luanchuanraptor_henanensis,Theropoda,NA,NA,174,NA,NA
465,Magnosaurus_nethercombensis,Theropoda,NA,NA,NA,NA,NA
466,Mahakala_omnogovae,Theropoda,79,110,37.5,36,7.6E-01
467,Majungasaurus_crenatissimus,Theropoda,NA,NA,NA,NA,1.6E+03
468,Majungasaurus_crenatissimus,Theropoda,NA,NA,207,55,NA
469,Mapusaurus_roseae,Theropoda,1300,NA,300,NA,4.1E+03
470,Marshosaurus_bicentesimus,Theropoda,NA,NA,NA,NA,NA
471,Martinavis,Theropoda,NA,NA,NA,NA,NA
472,Martinavis,Theropoda,NA,NA,NA,NA,NA
473,Masiakasaurus_knopfleri,Theropoda,202,205,NA,NA,2.0E+01
474,Megalosaurus_bucklandii,Theropoda,830,660,388,NA,1.4E+03
475,Megaraptor_namunhuaiquii,Theropoda,NA,NA,NA,283,NA
476,Megaraptor_namunhuaiquii,Theropoda,NA,NA,NA,243,NA
477,Mei_long,Theropoda,77,100.5,43.6,39,8.5E-01
478,Metriacanthosaurus_parkeri,Theropoda,850,NA,NA,NA,1.3E+03
479,Microraptor_gui,Theropoda,106,128.64,88,79,1.5E+00
480,Microraptor_zhaoianus,Theropoda,75,90.24,62,48,4.0E-01
481,Microvenator_celer,Theropoda,124,NA,81.5,76,4.3E+00
482,Mirischia_asymmetrica,Theropoda,165,NA,NA,NA,4.8E+00
483,Monolophosaurus_jiangi,Theropoda,NA,NA,NA,NA,NA
484,Mononykus_olecranus,Theropoda,139,168,37,18.2,4.7E+00
485,Nanantius_eos,Theropoda,NA,NA,NA,NA,NA
486,Nanshiungosaurus_brevispinus,Theropoda,NA,NA,NA,NA,NA
487,Nanshiungosaurus_bohlini,Theropoda,NA,NA,NA,NA,NA
488,Nedcolbertia_justinhoffmani,Theropoda,144.8,198.9,NA,NA,1.3E+01
489,Neimongosaurus_yangi,Theropoda,366,310,222,180,NA
490,Nemegtomaia_barsboldi,Theropoda,NA,NA,NA,NA,NA
491,Neogaeornis_wetzeli,Theropoda,NA,NA,NA,NA,NA
492,Neovenator_salerii,Theropoda,730,680,NA,NA,1.0E+03
493,Neuquenornis_volans,Theropoda,NA,84.192,NA,70.5,4.0E-01
494,Neuquenraptor_argentinus,Theropoda,265,NA,NA,NA,4.9E+01
495,Noasaurus_leali,Theropoda,NA,NA,NA,NA,NA
496,Noguerornis_gonzalezi,Theropoda,NA,NA,23,23,NA
497,Nomingia_gobiensis,Theropoda,285,355,NA,NA,3.7E+01
498,Nothronychus_graffami,Theropoda,696,650,424,275,1.2E+03
499,Nothronychus_mckinleyi,Theropoda,NA,631,418,257,NA
500,Nqwebasaurus_thwazi,Theropoda,118,140.7,58.5,44.2,5.3E+00
501,Nuthetes_destructor,Theropoda,NA,NA,NA,NA,NA
502,Omnivoropteryx_sinousaorum,Theropoda,61,64.32,100,NA,4.0E-01
503,Orkoraptor_burkei,Theropoda,NA,NA,NA,NA,NA
504,Ornitholestes_hermanni,Theropoda,NA,162,132,81,1.4E+01
505,Ornithomimus_edmontonicus,Theropoda,495,NA,NA,NA,1.8E+02
506,Ornithomimus_edmontonicus,Theropoda,435,456,276,190,8.4E+01
507,Otogornis_genghisi,Theropoda,NA,NA,39.4,45.5,NA
508,Oviraptor_philoceratops,Theropoda,NA,NA,NA,NA,NA
509,Ozraptor_subotaii,Theropoda,NA,NA,NA,NA,NA
510,Palintropus_retusus,Theropoda,NA,NA,NA,NA,NA
511,Parahesperornis_alexi,Theropoda,NA,NA,NA,NA,NA
512,Paraprotopteryx_gracilis,Theropoda,22.2,26.3,22.6,22,1.9E-02
513,Parvicursor_remotus,Theropoda,52.6,72.96,NA,NA,1.4E-01
514,Pasquiaornis,Theropoda,NA,NA,NA,NA,NA
515,Patagonykus_puertai,Theropoda,NA,NA,NA,NA,3.4E+01
516,Patagopteryx_deferrariisi,Theropoda,100,131.52,60,49,2.4E+00
517,Pedopenna_daohugouensis,Theropoda,NA,NA,NA,NA,NA
518,Pelecanimimus_polyodon,Theropoda,NA,NA,151,166,NA
519,Pengornis_houi,Theropoda,48,48.384,64.3,66.7,2.5E-01
520,Piatnitzkysaurus_floresi,Theropoda,552,492,285,175,7.5E+02
521,Piksi_barbarulna,Theropoda,NA,NA,NA,NA,NA
522,Piveteausaurus_divesensis,Theropoda,NA,NA,NA,NA,NA
523,Poekilopleuron_bucklandii,Theropoda,NA,NA,310,170,NA
524,Potamornis_skutchi,Theropoda,NA,NA,NA,NA,NA
525,Proceratosaurus_bradleyi,Theropoda,NA,NA,NA,NA,NA
526,Procompsognathus_triassicus,Theropoda,96,110.4,NA,NA,1.1E+00
527,Protarchaeopteryx_robusta,Theropoda,122,160,88,NA,NA
528,Protopteryx_fengningensis,Theropoda,20,32,27,26.3,3.6E-02
529,Pyroraptor_olympius,Theropoda,NA,NA,NA,NA,NA
530,Qiliania_graffini,Theropoda,24.3,30.912,NA,NA,1.3E-02
531,Rahonavis_ostromi,Theropoda,86.9,118.8,NA,124,5.8E-01
532,Rajasaurus_narmadensis,Theropoda,NA,NA,NA,NA,NA
533,Rapaxavis_pani,Theropoda,19,23.5,22,22,1.6E-02
534,Raptorex_kriegsteini,Theropoda,338,397,99,52,4.4E+01
535,Rinchenia_mongoliensis,Theropoda,305,NA,205,180,NA
536,Rugops_primus,Theropoda,NA,NA,NA,NA,NA
537,Santanaraptor_placidus,Theropoda,NA,NA,NA,NA,5.4E+00
538,Sapeornis_chaoyangensis,Theropoda,79,81.6,126,122,1.9E+00
539,Sarcosaurus_woodi,Theropoda,321,NA,NA,NA,1.0E+02
540,Saurophaganax_maximus,Theropoda,1135,907,NA,NA,3.8E+03
541,Saurornithoides_mongoliensis,Theropoda,200,NA,NA,NA,1.9E+01
542,Saurornitholestes_langstoni,Theropoda,212,285,173,NA,1.8E+01
543,Saurornitholestes_robustus,Theropoda,NA,NA,NA,NA,NA
544,Sazavis_prisca,Theropoda,NA,NA,NA,NA,NA
545,Scansoriopteryx_heilmanni,Theropoda,16.5,19.3,18.5,14.8,NA
546,Scipionyx_samniticus,Theropoda,37.3,NA,26.3,17.5,2.2E-01
547,Segisaurus_halli,Theropoda,142.9,163,73,NA,NA
548,Segnosaurus_galbinensis,Theropoda,840,860,560,335,NA
549,Shanag_ashile,Theropoda,NA,NA,NA,NA,NA
550,Shanweiniao_cooperorum,Theropoda,17.6,21.792,22.43,22.5,3.1E-02
551,Shanyangosaurus_niupanggouensis,Theropoda,NA,NA,NA,NA,NA
552,Shaochilong_maortuensis,Theropoda,NA,NA,NA,NA,NA
553,Shenzhouraptor_sinensis,Theropoda,55.4,68.3,79.8,81,7.5E-01
554,Shenzhousaurus_orientalis,Theropoda,191,NA,NA,NA,1.7E+01
555,Shidaisaurus_jinae,Theropoda,NA,NA,NA,NA,NA
556,Shixinggia_oblita,Theropoda,NA,NA,NA,NA,NA
557,Shuvuuia_deserti,Theropoda,NA,NA,NA,NA,3.0E+00
558,Shuvuuia_deserti,Theropoda,124.5,158.2,32,20,2.8E+00
559,Shuvuuia_deserti,Theropoda,NA,NA,25,14,NA
560,Similicaudipteryx_yixianensis,Theropoda,216,240,130,NA,NA
561,Sinocalliopteryx_gigas,Theropoda,250,280,125,94,3.2E+01
562,Sinornis_santensis,Theropoda,21,24.96,24,22.2,2.7E-02
563,Sinornithoides_youngi,Theropoda,140,191,83,59.1,3.5E+00
564,Sinornithomimus_dongi,Theropoda,323,335,212,145,NA
565,Sinornithosaurus_milleni,Theropoda,148,NA,134,100,2.7E+00
566,Sinornithosaurus_haoiana,Theropoda,NA,NA,NA,100,NA
567,Sinosauropteryx_prima,Theropoda,86.4,97,35.5,21,9.9E-01
568,Sinovenator_changii,Theropoda,105,NA,NA,56,NA
569,Sinraptor_dongi,Theropoda,876,776,NA,NA,1.2E+03
570,Sinraptor_hepingensis,Theropoda,980,NA,NA,NA,2.0E+03
571,Sinusonasus_magnodens,Theropoda,141,178.56,NA,NA,NA
572,Skorpiovenator_bustingorryi,Theropoda,760,680,NA,NA,1.2E+03
573,Songlingornis_linghensis,Theropoda,NA,NA,NA,21,NA
574,Soroavisaurus_australis,Theropoda,NA,NA,NA,NA,NA
575,Spinosaurus,Theropoda,NA,NA,NA,NA,NA
576,Spinostropheus,Theropoda,NA,NA,NA,NA,NA
577,Spinostropheus,Theropoda,NA,NA,NA,NA,NA
578,Staurikosaurus_pricei,Theropoda,220,242.5,NA,NA,2.3E+01
579,Stokesosaurus_clevelandi,Theropoda,NA,NA,NA,NA,NA
580,Stokesosaurus_langhami,Theropoda,667,680,NA,NA,4.9E+02
581,Streptospondylus_altdorfensis,Theropoda,NA,NA,NA,NA,NA
582,Struthiomimus_altus,Theropoda,501,NA,NA,NA,1.8E+02
583,Struthiomimus_altus,Theropoda,480,521.5,310,228,1.5E+02
584,Struthiomimus_altus,Theropoda,655,NA,395,313,NA
585,Suchomimus_tenerensis,Theropoda,1075,950,560,258,2.9E+03
586,Suchosaurus,Theropoda,NA,NA,NA,NA,NA
587,Suzhousaurus_megatheroides,Theropoda,840,NA,NA,NA,3.1E+03
588,Szechuanosaurus_zigongensis_(ZDM_9011),Theropoda,585,574,364,203,3.7E+02
589,Tanycolagreus_topwilsoni,Theropoda,356,382,194,141,5.1E+01
590,Tarascosaurus_salluvicus,Theropoda,NA,NA,NA,NA,NA
591,Tarbosaurus_bataar,Theropoda,1200,NA,NA,NA,NA
592,Tarbosaurus_bataar,Theropoda,1120,NA,285,123,NA
593,Tarbosaurus_bataar,Theropoda,940,945,NA,NA,2.3E+03
594,Tawa_hallae,Theropoda,125,NA,NA,NA,3.7E+00
595,Telmatornis_priscus,Theropoda,NA,NA,NA,NA,NA
596,Teviornis_gobiensis,Theropoda,NA,NA,NA,NA,NA
597,Therizinosaurus_cheloniformes,Theropoda,NA,NA,760,550,NA
598,Tianyuraptor_ostromi,Theropoda,200,255.36,130,98,2.0E+01
599,Tochisaurus_nemegtensis,Theropoda,NA,NA,NA,NA,NA
600,Torotix_clemensi,Theropoda,NA,NA,NA,NA,NA
601,Torvosaurus_tanneri,Theropoda,830,726.8,NA,NA,2.4E+03
602,Torvosaurus_tanneri,Theropoda,NA,NA,424,188,NA
603,Troodon_inequalis,Theropoda,NA,NA,NA,NA,5.7E+01
604,Troodon_formosus,Theropoda,317,361,NA,NA,4.7E+01
605,Timimus_hermani,Theropoda,435,NA,NA,NA,5.1E+01
606,Tsaagan_mangas,Theropoda,NA,NA,NA,NA,NA
607,Tugulusaurus_faciles,Theropoda,205,245,NA,NA,1.1E+01
608,Tyrannosaurus_rex,Theropoda,1333,1140,NA,NA,7.7E+03
609,Tyrannosaurus_rex,Theropoda,1321,1185,385,175,NA
610,Tyrannotitan_chubutensis,Theropoda,NA,NA,NA,NA,4.9E+03
611,Unenlagia_comahuensis,Theropoda,395,420,265,NA,6.3E+01
612,Unenlagia_paynemili,Theropoda,NA,NA,217,NA,NA
613,Unquillosaurus_ceibalii,Theropoda,NA,NA,NA,NA,NA
614,Urbacodon_itermirensis,Theropoda,NA,NA,NA,NA,NA
615,Utahraptor_ostrommaysi,Theropoda,NA,505,NA,NA,NA
616,Valdoraptor_oweni,Theropoda,NA,NA,NA,NA,NA
617,Variraptor_mechinorum,Theropoda,NA,NA,195,NA,NA
618,Vegavis_iaai,Theropoda,50,119.04,124,NA,7.0E-01
619,Velociraptor_mongoliensis,Theropoda,NA,NA,NA,NA,1.5E+01
620,Velociraptor_mongoliensis,Theropoda,187,203,130,104,NA
621,Velociraptor_mongoliensis,Theropoda,157,182,116,NA,1.2E+01
622,Velociraptor_mongoliensis,Theropoda,190,235,180,88,1.9E+01
623,Velocisaurus_unicus,Theropoda,NA,137.3,NA,NA,NA
624,Vescornis_hebeiensis,Theropoda,23,27.84,22,22.5,3.7E-02
625,Vitakridrinda_sulaimani,Theropoda,NA,NA,NA,NA,NA
626,Volgavis_marina,Theropoda,NA,NA,NA,NA,NA
627,Vorona_berivotrensis,Theropoda,94.1,159.168,NA,NA,1.7E+00
628,Xenotarsosaurus_bonapartei,Theropoda,611,533,NA,NA,6.6E+02
629,Xinjiangovenator_parvus,Theropoda,NA,299.52,NA,NA,NA
630,Xiongguanlong_baimoensis,Theropoda,510,NA,NA,NA,1.7E+02
631,Xixiasaurus_henanensis,Theropoda,NA,NA,NA,NA,NA
632,Xuanhanosaurus_qilixiaensis,Theropoda,NA,NA,277,212,NA
633,Yangchuanosaurus_magnus,Theropoda,950,NA,NA,NA,NA
634,Yanornis_martini,Theropoda,52,74.88,79,76,1.5E+00
635,Yixianornis_grabaui,Theropoda,41,49.92,48,46,3.2E-01
636,Yixianosaurus_longimanus,Theropoda,NA,NA,89,63,NA
637,Yungavolucris_brevipedalis,Theropoda,NA,NA,NA,NA,NA
638,Zanabazar,Theropoda,NA,NA,NA,NA,NA
639,Zhongjianornis_yangi,Theropoda,48,68.16,71,73,NA
640,Zhyraornis_kashkarovi,Theropoda,NA,NA,NA,NA,NA
641,Zhyraornis_logunovi,Theropoda,NA,NA,NA,NA,NA
642,Zupaysaurus_rougieri,Theropoda,NA,NA,NA,NA,NA
643,Zuolong_salleei,Theropoda,336,NA,155,137,8.8E+01
644,Daemonosaurus,Theropoda,NA,NA,NA,NA,NA
645,CV00214,Theropoda,585,580,270,NA,NA
646,Concavenator_corcovatus,Theropoda,550,495,226,147,6.7E+02
647,Proceratosaurus_bradleyi,Theropoda,NA,NA,NA,NA,NA
648,Sinotyrannus_kazuoensis,Theropoda,NA,NA,NA,NA,NA
649,Bistahieversor_sealeyi,Theropoda,NA,NA,NA,NA,NA
650,Teratophoneus_curriei,Theropoda,757,NA,242,120.2,9.5E+02
651,Linhevenator_tani,Theropoda,240,NA,95,NA,2.5E+01
652,Xiaotingia_zhengi,Theropoda,84,NA,71,63,7.9E-01
653,Jeholornis_palmapenis,Theropoda,57.9,76.2,NA,NA,8.4E-01
654,Zhongornis_haoae,Theropoda,15.3,20.5,15.9,13.9,2.6E-02
655,Shenquiornis_mengi,Theropoda,38.8,NA,45,42,2.8E-01
656,Cathayornis_chaubensis,Theropoda,32,37,34,38,1.1E-01
657,Longicrusavis_houi,Theropoda,24.3,36.096,26,24,5.2E-02
658,Hollanda_luceria,Theropoda,NA,NA,NA,NA,2.7E+00
659,Dalianraptor_cuhe,Theropoda,49,65,52,42,7.5E-01
660,Schizooura_lii,Theropoda,45,59.52,60,57,2.1E-01
661,Eoabelisaurus_mefi,Theropoda,640,528,335,165,8.8E+02
662,Machairasaurus_leptonychus,Theropoda,NA,NA,NA,NA,NA
663,Siamotyrannus_isanensis,Theropoda,NA,NA,NA,NA,NA
664,Probactrosaurus_mazongshanensis,Ornithischia,794,630,345,325,1.5E+03
665,Abrictosaurus_consors,Ornithischia,77.1,102.8,53.5,NA,1.2E+00
666,Achelousaurus_horneri,Ornithischia,612,NA,NA,NA,NA
667,Acristavus_gagslarsoni,Ornithischia,NA,975,NA,NA,NA
668,Agilisaurus_louderbacki,Ornithischia,198.5,207,97,87.6,NA
669,Agujaceratops_mariscalensis,Ornithischia,770,NA,NA,NA,2.6E+03
670,Ahshislepelta_minor,Ornithischia,NA,NA,310,NA,NA
671,Ajkaceratops_kozmai,Ornithischia,NA,NA,NA,NA,NA
672,Alaskacephale_gangloffi,Ornithischia,NA,NA,NA,NA,NA
673,Albalophosaurus_yamaguchiorum,Ornithischia,NA,NA,NA,NA,NA
674,Albertaceratops_nesmoi,Ornithischia,NA,NA,NA,NA,NA
675,Aletopelta_coombsi,Ornithischia,600,375,400,NA,NA
676,Altirhinus_kurzanovi,Ornithischia,NA,NA,595,NA,NA
677,Amtocephale_gobiensis,Ornithischia,NA,NA,NA,NA,NA
678,Amurosaurus_riabinini,Ornithischia,NA,NA,550,NA,NA
679,Anabisetia_saldiviai,Ornithischia,212,230,NA,NA,2.9E+01
680,Anasazisaurus_horneri,Ornithischia,NA,NA,NA,NA,NA
681,Anchiceratops_ornatus,Ornithischia,740,542,523,292,NA
682,Angulomastacator_daviesi,Ornithischia,NA,NA,NA,NA,NA
683,Animantarx_ramaljonesi,Ornithischia,415,NA,298,NA,7.6E+02
684,Ankylosaurus_magniventris,Ornithischia,660,NA,572,NA,4.8E+03
685,Anoplosaurus_curtonotus,Ornithischia,NA,NA,NA,NA,NA
686,Antarctopelta_oliveroi,Ornithischia,NA,NA,NA,NA,NA
687,Aralosaurus_tuberiferus,Ornithischia,NA,NA,300,NA,NA
688,Archaeoceratops_oshimai,Ornithischia,NA,NA,NA,NA,NA
689,Archaeoceratops_yujingziensis,Ornithischia,102,NA,NA,NA,5.0E+00
690,Arenysaurus_ardevoli,Ornithischia,711,NA,300,NA,NA
691,Arrhinoceratops_brachyops,Ornithischia,NA,NA,NA,NA,NA
692,Asiaceratops_salsopaludalis,Ornithischia,NA,87.8,NA,NA,NA
693,Auroraceratops_rugosus,Ornithischia,NA,NA,NA,NA,NA
694,Bactrosaurus_johnsoni,Ornithischia,796,655,NA,NA,1.8E+03
695,Bagaceratops_rozhdestvenskyi,Ornithischia,103,120,79.5,61,NA
696,Barilium_dawsoni,Ornithischia,905,NA,NA,NA,4.3E+03
697,Barsboldia_sicinskii,Ornithischia,NA,NA,NA,NA,NA
698,Batyrosaurus_rozhdestvenskyi,Ornithischia,NA,NA,NA,NA,NA
699,Bissektipelta_archibaldi,Ornithischia,NA,NA,NA,NA,NA
700,Blasisaurus_canudoi,Ornithischia,NA,NA,NA,NA,NA
701,Bolong_yixianensis,Ornithischia,NA,510,NA,198,NA
702,Brachylophosaurus_canadensis,Ornithischia,NA,NA,NA,NA,4.5E+03
703,Callovosaurus_leedsi,Ornithischia,300,NA,NA,NA,6.6E+01
704,Camptosaurus_dispar,Ornithischia,630,520,370,222,1.0E+03
705,Cedarpelta_bilbeyhallorum,Ornithischia,NA,NA,NA,NA,NA
706,Cedrorestes_crichtoni,Ornithischia,NA,639,NA,NA,NA
707,Centrosaurus_apertus,Ornithischia,795,520,563,NA,2.5E+03
708,Centrosaurus_brinkmani,Ornithischia,NA,NA,NA,NA,NA
709,Cerasinops_hodgskissi_,Ornithischia,352,344.6,260.3,175,1.2E+02
710,Changchunsaurus_parvus,Ornithischia,NA,NA,NA,NA,NA
711,Chaoyangsaurus_youngi,Ornithischia,NA,NA,NA,NA,NA
712,Charonosaurus_jiayinensis,Ornithischia,1350,NA,NA,NA,NA
713,Chasmosaurus_belli,Ornithischia,825,565,580,338.5,3.1E+03
714,Chasmosaurus_russelli,Ornithischia,716,498,553,312,3.5E+03
715,Chungkingosaurus_jiangbeiensis,Ornithischia,670,487,440,NA,3.0E+03
716,Claosaurus_agilis,Ornithischia,697,572,360.5,271,NA
717,Coahuilaceratops_magnacuerna,Ornithischia,NA,NA,NA,NA,NA
718,Colepiocephale_lambei,Ornithischia,NA,NA,NA,NA,NA
719,Corythosaurus_casuarius,Ornithischia,1080,1000,585,NA,NA
720,Corythosaurus_intermedius,Ornithischia,1058.8,940,536.3,635,3.5E+03
721,Craspedodon_lonzeensis,Ornithischia,NA,NA,NA,NA,NA
722,Crichtonsaurus_benxiensis,Ornithischia,320,290,230,145,NA
723,Crichtonsaurus_bohlini,Ornithischia,343,NA,240,NA,NA
724,Cumnoria_prestwichii,Ornithischia,NA,NA,297,NA,NA
725,Dacentrurus_armatus,Ornithischia,1232,NA,760,575,7.4E+03
726,Dakotadon_lakotaensis,Ornithischia,NA,NA,NA,NA,NA
727,Delapparentia_turolensis,Ornithischia,NA,NA,NA,NA,NA
728,Diabloceratops_eatoni,Ornithischia,NA,NA,NA,NA,NA
729,Draconyx_loureiroi,Ornithischia,NA,NA,NA,NA,4.9E+02
730,Dracopelta_zbyszewskii,Ornithischia,NA,NA,NA,NA,NA
731,Drinker_nisti,Ornithischia,NA,NA,NA,NA,NA
732,Dryosaurus_altus,Ornithischia,350,393,191,146.2,1.6E+02
733,Dyoplosaurus_acutesquamous,Ornithischia,562,NA,NA,240,NA
734,Dysalotosaurus_lettowvorbecki,Ornithischia,343,NA,NA,NA,1.4E+02
735,Echinodon_becklesii,Ornithischia,NA,NA,NA,NA,NA
736,Edmontonia_longiceps,Ornithischia,663,558,478,297.9,2.3E+03
737,Edmontonia_rugosidens,Ornithischia,NA,NA,420,NA,NA
738,Edmontosaurus_annectens,Ornithischia,1147.7,968,680.5,621.5,6.6E+03
739,Edmontosaurus_regalis,Ornithischia,1242.5,1174,697.5,673,7.6E+03
740,Einiosaurus_procurvicornis,Ornithischia,644,NA,NA,NA,NA
741,Elrhazosaurus_nigeriensis,Ornithischia,224,NA,NA,NA,4.8E+01
742,Emausaurus_ernsti,Ornithischia,NA,NA,NA,NA,NA
743,Eocursor_parvus,Ornithischia,109,137,67,42,3.5E+00
744,Eolambia_caroljonesa,Ornithischia,NA,NA,NA,NA,NA
745,Eotriceratops_xerinsularis,Ornithischia,NA,NA,NA,NA,NA
746,Equijubus_normani,Ornithischia,NA,NA,NA,NA,NA
747,Euoplocephalus_tutus,Ornithischia,547.5,411.5,415,271,2.3E+03
748,Ferganocephale_adenticulatum,Ornithischia,NA,NA,NA,NA,NA
749,Fruitadens_haagarorum,Ornithischia,42.2,71.8,36.7,NA,7.3E-01
750,Fukuisaurus_tetoriensis,Ornithischia,NA,NA,NA,NA,NA
751,Gargoyleosaurus_parkpinorum,Ornithischia,465,NA,292,NA,8.9E+02
752,Gasparinisaura_cincosaltensis,Ornithischia,NA,NA,NA,NA,1.2E+01
753,Gastonia_burgei,Ornithischia,590,300,320,NA,1.4E+03
754,Gideonmantellia_amosanjuanae,Ornithischia,112.9,132,NA,NA,5.0E+00
755,Gigantspinosaurus_sichuanensis,Ornithischia,673,460,435,NA,2.2E+03
756,Gilmoreosaurus_mongolensis,Ornithischia,695,615,315,309,1.3E+03
757,Glyptodontopelta_mimus,Ornithischia,NA,NA,NA,NA,NA
758,Gobisaurus_domoculus,Ornithischia,NA,NA,NA,NA,NA
759,Gongbusaurus_wucaiwanensis,Ornithischia,NA,195.8,75,NA,NA
760,Goyocephale_lattimorei,Ornithischia,NA,NA,92,NA,NA
761,Graciliceratops_mongoliensis,Ornithischia,96,110,84.7,60,NA
762,Gravitholus_albertae,Ornithischia,NA,NA,NA,NA,NA
763,Gryphoceratops_morrisoni,Ornithischia,NA,NA,NA,NA,NA
764,Gryposaurus_latidens,Ornithischia,1120,1074,758,NA,4.2E+03
764.5,Gryposaurus_monumentensis,Ornithischia,NA,NA,NA,NA,NA
765,Gryposaurus_notabilis,Ornithischia,1135,1012,506,NA,4.3E+03
766,Hanssuesia_sternbergi,Ornithischia,NA,NA,NA,NA,NA
767,Haya_griva,Ornithischia,131,155,86,66,1.1E+01
768,Helioceratops_brachygnathus,Ornithischia,NA,NA,NA,NA,NA
769,Heterodontosaurus_tucki,Ornithischia,111.5,143,83.5,58,NA
770,Hexinlusaurus_multidens,Ornithischia,NA,243.8,158.3,NA,NA
770.5,Hexinlusaurus_multidens,Ornithischia,153.4,185.6,101.3,65.7,9.4E+00
771,Hippodraco_scutodens,Ornithischia,NA,NA,323,NA,NA
772,Homalocephale_calathocercos,Ornithischia,212,NA,NA,NA,3.9E+01
773,Hongshanosaurus_houi,Ornithischia,NA,NA,NA,NA,NA
774,Hoplitosaurus_marshi,Ornithischia,480,NA,NA,NA,NA
775,Huayangosaurus_taibaii,Ornithischia,575,520,519,290,NA
776,Huehuecanauhtlus_tiquichensis,Ornithischia,NA,NA,NA,NA,NA
777,Hungarosaurus_tormai,Ornithischia,490,NA,455,430,6.9E+02
778,Hylaeosaurus_armatus,Ornithischia,NA,406,440,NA,NA
779,Hypacrosaurus_altispinus,Ornithischia,1074,995,510,NA,3.7E+03
780,Hypacrosaurus_stebingeri,Ornithischia,1190,NA,NA,NA,NA
781,Hypselospinus_fittoni,Ornithischia,833,NA,NA,NA,3.0E+03
782,Hypsilophodon_foxi,Ornithischia,173,NA,147,NA,2.4E+01
783,Iguanacolossus_fortis,Ornithischia,NA,NA,NA,NA,NA
784,Iguanodon_bernissartensis,Ornithischia,1038.8,852.5,818,495,8.3E+03
785,Iguanodon_seeleyi,Ornithischia,NA,NA,NA,NA,1.5E+04
786,Jaxartosaurus_aralensis,Ornithischia,NA,NA,NA,NA,NA
787,Jeholosaurus_shangyuanensis,Ornithischia,135.5,160,NA,NA,9.7E+00
788,Jeyawati_rugoculus,Ornithischia,NA,NA,NA,NA,NA
789,Jiangjunosaurus_junggarensis,Ornithischia,NA,NA,NA,NA,NA
790,Jinzhousaurus_yangi,Ornithischia,625,NA,420,265,NA
791,Kangnasaurus_coetzeei,Ornithischia,383,NA,NA,NA,2.4E+02
792,Kentrosaurus_aethiopicus,Ornithischia,645,NA,353,NA,1.6E+03
793,Kerberosaurus_manakini,Ornithischia,NA,NA,NA,NA,NA
794,Koreaceratops_hwaseongensis,Ornithischia,NA,NA,NA,NA,NA
795,Koreanosaurus_boseongensis,Ornithischia,NA,NA,215,NA,NA
796,Kosmoceratops_richardsoni,Ornithischia,NA,NA,NA,NA,NA
797,Kritosaurus_navajovius,Ornithischia,1045,943,NA,NA,NA
798,Kundurosaurus_nagornyi,Ornithischia,NA,NA,NA,607,NA
799,Lambeosaurus_clavintialis,Ornithischia,1050,1045,520,616,NA
800,Lambeosaurus_lambei,Ornithischia,1052.5,900,522.5,305,3.3E+03
801,Lambeosaurus_magnicristatus,Ornithischia,1000,1010,482,NA,NA
802,Lanzhousaurus_magnidens,Ornithischia,NA,NA,NA,NA,NA
803,Leptoceratops_gracilis,Ornithischia,NA,NA,295,NA,4.2E+02
804,Lesothosaurus_diagnosticus,Ornithischia,102,129,65,37,6.3E+00
805,Levnesovia_transoxiana,Ornithischia,NA,NA,NA,NA,NA
806,Liaoceratops_yanzigouensis,Ornithischia,NA,NA,NA,NA,NA
807,Lophorhothon_atopus,Ornithischia,616,574,NA,NA,NA
808,Loricatosaurus_priscus,Ornithischia,900,NA,535,NA,2.8E+03
809,Lurdusaurus_arenatus,Ornithischia,910,777,632,340,4.2E+03
810,Lycorhinus_angustidens,Ornithischia,NA,NA,NA,NA,NA
811,Macrogryphosaurus_gondwanicus,Ornithischia,NA,NA,NA,NA,NA
812,Magnapaulia_laticaudus,Ornithischia,1280,NA,803,NA,NA
813,Magnirostris_dodsoni,Ornithischia,NA,NA,NA,NA,NA
814,Maiasaura_peeblesorum,Ornithischia,1020,NA,580,565,3.7E+03
815,Manidens_condorensis,Ornithischia,NA,NA,NA,NA,NA
816,Mantellisaurus_atherfieldensis,Ornithischia,735,677.5,435,335,1.4E+03
817,Medusaceratops_lokii,Ornithischia,NA,NA,NA,NA,NA
818,Micropachycephalosaurus_hongtuyanensis,Ornithischia,119,NA,NA,NA,5.9E+00
819,Minmi_paravertebra,Ornithischia,NA,NA,270,NA,NA
820,Minotaurasaurus_ramachandrani,Ornithischia,NA,NA,NA,NA,NA
821,Miragaia_longicollum,Ornithischia,NA,NA,715,459,NA
821.3,Mochlodon_suessi,Ornithischia,194,NA,NA,NA,NA
821.5,Mochlodon_vorosi,Ornithischia,218,NA,156,NA,3.1E+01
822,Monoclonius_lowei,Ornithischia,NA,NA,NA,NA,NA
823,Montanoceratops_cerorynchus,Ornithischia,346,335.5,263,NA,1.9E+02
824,Muttaburrasaurus_langdoni,Ornithischia,990,NA,NA,NA,4.3E+03
825,Mymoorapelta_maysi,Ornithischia,NA,NA,NA,NA,NA
826,Naashoibitosaurus_ostromi,Ornithischia,NA,NA,NA,NA,NA
827,Nanningosaurus_dashiensis,Ornithischia,976,915,NA,NA,NA
828,Nanyangosaurus_zhugeii,Ornithischia,517,548,265,NA,NA
829,Nedoceratops_hatcheri,Ornithischia,NA,NA,NA,NA,NA
830,Niobrarasaurus_coleii,Ornithischia,490,365,380,270,1.2E+03
831,Nodocephalosaurus_kirtlandensis,Ornithischia,NA,NA,NA,NA,NA
832,Nodosaurus_textilis,Ornithischia,609,455,NA,NA,NA
833,Notoceratops_bonarellii,Ornithischia,NA,NA,NA,NA,NA
834,Notohypsilophodon_comodorensis,Ornithischia,NA,218,120,NA,NA
835,Ojoceratops_fowleri,Ornithischia,NA,NA,NA,NA,NA
836,Olorotitan_arharensis,Ornithischia,1090,1120,595,NA,4.1E+03
837,Orodromeus_makelai,Ornithischia,166.1,202.9,105.1,NA,2.0E+01
838,Oryctodromeus_cubicularis,Ornithischia,NA,254,157,NA,NA
839,Osmakasaurus_depressus,Ornithischia,NA,NA,NA,NA,NA
840,Othnielosaurus_consors,Ornithischia,163,NA,NA,NA,1.7E+01
841,Ouranosaurus_nigeriensis,Ornithischia,830.7,767.3,555,NA,1.5E+03
842,Pachycephalosaurus_wyomingensis,Ornithischia,441,NA,NA,NA,3.7E+02
843,Pachyrhinosaurus_canadensis,Ornithischia,902.5,665,665,375,4.4E+03
844,Pachyrhinosaurus_lakustai,Ornithischia,790,550,555,NA,NA
845,Pachyrhinosaurus_perotorum,Ornithischia,NA,NA,NA,NA,NA
846,Panoplosaurus_mirus,Ornithischia,NA,378,439,NA,NA
847,Paranthodon_africanus,Ornithischia,NA,NA,NA,NA,NA
848,Pararhabdodon_isonensis,Ornithischia,NA,NA,404,NA,NA
849,Parasaurolophus_cyrtoctristatus,Ornithischia,1072.5,975,555,585,4.9E+03
850,Parasaurolophus_walkeri,Ornithischia,1045,NA,520,494.5,5.1E+03
851,Parksosaurus_warreni,Ornithischia,270,312.5,218,127,7.0E+01
852,Pawpawsaurus_campbelli,Ornithischia,NA,NA,NA,NA,NA
852.5,Pegomastax_africanus,Ornithischia,NA,NA,NA,NA,NA
853,Peloroplites_cedrimontanus,Ornithischia,NA,NA,NA,NA,NA
854,Penelopognathus_weishampeli,Ornithischia,NA,NA,NA,NA,NA
855,Pentaceratops_sternbergii,Ornithischia,1020,799,859,534,1.1E+04
856,Pinacosaurus_grangeri,Ornithischia,NA,NA,NA,NA,NA
857,Pinacosaurus_mephistocephalus,Ornithischia,215,NA,200,98,NA
858,Pisanosaurus_mertii,Ornithischia,170.3,159.4,NA,NA,3.1E+01
859,Planicoxa_venenica,Ornithischia,487,NA,NA,NA,2.6E+02
860,Polacanthus_foxii,Ornithischia,548,330,NA,NA,NA
861,Prenocephale_brevis,Ornithischia,NA,NA,NA,NA,NA
862,Prenocephale_prenes,Ornithischia,222,NA,NA,NA,6.3E+01
863,Prenoceratops_pieganensis,Ornithischia,NA,NA,NA,NA,NA
864,Priodontognathus_phillipsii ,Ornithischia,NA,NA,NA,NA,NA
864.5,Probactrosaurus_mazongshanensis,Ornithischia,NA,NA,NA,NA,NA
865,Probactrosaurus_gobiensis,Ornithischia,750,NA,NA,NA,NA
866,Prosaurolophus_maximus,Ornithischia,1000,825.5,540,478.5,3.1E+03
867,Protoceratops_andrewsi,Ornithischia,215,273,220,135,8.3E+01
868,Protohadros_byrdi,Ornithischia,NA,NA,NA,NA,NA
869,Psittacosaurus_gobiensis,Ornithischia,125,129,92,NA,9.4E+00
870,Psittacosaurus_mongoliensis,Ornithischia,154,156,121,NA,NA
871,Psittacosaurus_neimongoliensis,Ornithischia,129.5,141.5,105,NA,8.4E+00
872,Psittacosaurus_sinensis,Ornithischia,96,NA,NA,NA,4.1E+00
873,Psittacosaurus_sp.,Ornithischia,178.7,201.4,NA,NA,2.9E+01
874,Qantassaurus_intrepidus,Ornithischia,NA,NA,NA,NA,NA
875,Ratchasimasaurus_suranareae,Ornithischia,NA,NA,NA,NA,NA
876,Rhabdodon_priscum,Ornithischia,550,500,370,320,1.7E+03
877,Rubeosaurus_ovatus,Ornithischia,NA,NA,NA,NA,NA
878,Sahaliyania_elunchunorum,Ornithischia,NA,NA,408,NA,NA
879,Saichania_chulsanensis,Ornithischia,379.5,210,265,150,6.1E+02
880,Sarcolestes_leedsi,Ornithischia,NA,NA,NA,NA,NA
881,Saurolophus_angustirostris,Ornithischia,1200,1000,600,NA,NA
882,Saurolophus_osborni,Ornithischia,1150,1020,610,620,6.6E+03
883,Sauropelta_edwardsi,Ornithischia,754,380,527,395,3.0E+03
884,Scelidosaurus_harrisonii,Ornithischia,400,314,NA,NA,NA
885,Scutellosaurus_lawleri,Ornithischia,NA,147.7,NA,NA,NA
886,Secernosaurus_koerneri,Ornithischia,790,NA,NA,NA,NA
887,Sellacoxa_pauli,Ornithischia,NA,NA,NA,NA,NA
888,Shamosaurus_scutatus,Ornithischia,NA,NA,NA,NA,NA
889,Shantungosaurus_giganteus,Ornithischia,1700,NA,965,NA,1.7E+04
890,Shuangmiaosaurus_gilmorei,Ornithischia,NA,NA,NA,NA,NA
891,Siamodon_nimngami,Ornithischia,NA,NA,NA,NA,NA
892,Silvisaurus_condrayi,Ornithischia,400,NA,NA,NA,NA
893,Sinoceratops_zhuchengensis,Ornithischia,NA,NA,NA,NA,NA
894,Sphaerotholus_bucholtzae,Ornithischia,NA,NA,NA,NA,NA
895,Sphaerotholus_goodwini,Ornithischia,NA,NA,NA,NA,NA
896,Spinops_sternbergorum,Ornithischia,NA,NA,NA,NA,NA
897,Stegoceras_novomexicanum,Ornithischia,NA,NA,NA,NA,NA
898,Stegoceras_validum,Ornithischia,221,226,86,NA,1.6E+01
899,Stegopelta_landerensis,Ornithischia,NA,NA,NA,NA,NA
900,Stegosaurus_mjosi,Ornithischia,978,NA,NA,NA,4.7E+03
901,Stegosaurus_stenops,Ornithischia,1157,NA,NA,NA,NA
902,Stegosaurus_ungulatus,Ornithischia,1348,678,575,NA,7.0E+03
903,Stenopelix_valdensis,Ornithischia,144,134,NA,61,2.7E+01
904,Stormbergia_dangershoeki,Ornithischia,193,NA,98,NA,4.1E+01
905,Struthiosaurus_transilvanicus,Ornithischia,265,NA,NA,NA,NA
906,Styracosaurus_albertensis,Ornithischia,792,631,585.5,380,4.2E+03
907,Talarurus_plicatospineus,Ornithischia,470,298,335,164,NA
908,Talenkauen_santacrucensis,Ornithischia,455,456,339,292,NA
909,Tanius_sinensis,Ornithischia,1000,945,513,565,NA
910,Tarchia_gigantea,Ornithischia,NA,NA,NA,NA,NA
911,Tarchia_kielanae,Ornithischia,NA,NA,NA,NA,NA
912,Tatankacephalus_cooneyorum,Ornithischia,NA,NA,NA,NA,NA
913,Telmatosaurus_transsylvanicus,Ornithischia,731,NA,NA,NA,NA
914,Tenontosaurus_dossi,Ornithischia,557,565,466,341,8.0E+02
915,Tenontosaurus_tilletti,Ornithischia,575,535,441,330,6.2E+02
916,Tethyshadros_insularis,Ornithischia,420,550,292,277,NA
917,Texacephale_langstoni,Ornithischia,NA,NA,NA,NA,NA
918,Texasetes_pleurohalio,Ornithischia,NA,NA,NA,NA,NA
919,Theiophytalia_kerri,Ornithischia,NA,NA,NA,NA,NA
920,Thescelosaurus_assiniboiensis,Ornithischia,304.5,282,NA,NA,1.1E+02
921,Thescelosaurus_neglectus,Ornithischia,448,NA,315,NA,3.4E+02
922,Tianyulong_confuciusi,Ornithischia,51,82,33.5,NA,7.4E-01
923,Tianzhenosaurus_youngi,Ornithischia,402.6,NA,254.1,NA,NA
924,Torosaurus_latus,Ornithischia,NA,NA,767,NA,NA
925,Triceratops_horridus,Ornithischia,1033.5,618.5,780,397,1.4E+04
926,Triceratops_prorsus,Ornithischia,1104,736,752,NA,1.1E+04
927,Tsagantegia_longicranialis,Ornithischia,NA,NA,NA,NA,NA
928,Tsintaosaurus_spinorhinus,Ornithischia,1148,1120,685,NA,4.7E+03
929,Tuojiangosaurus_multispinus,Ornithischia,872,615,676,NA,4.8E+03
930,Turanoceratops_tardabilis,Ornithischia,NA,NA,NA,NA,NA
931,Tylocephale_gilmorei,Ornithischia,NA,NA,NA,NA,NA
932,Udanoceratops_tschizhovi,Ornithischia,NA,NA,361.5,232,NA
933,Unescoceratops_koppelhusae,Ornithischia,NA,NA,NA,NA,NA
934,Utahceratops_gettyi,Ornithischia,NA,NA,NA,NA,NA
935,Uteodon_aphanoecetes,Ornithischia,395,360,227,143,NA
936,Vagaceratops_irvinensis,Ornithischia,NA,NA,NA,NA,NA
937,Valdosaurus_canaliculatus,Ornithischia,224,NA,NA,NA,4.8E+01
938,Velafrons_coahuilensis,Ornithischia,NA,NA,NA,NA,NA
939,Wannanosaurus_yansiensis,Ornithischia,92.5,86,43,NA,3.0E+00
940,Willinakaqe_salitralensis,Ornithischia,1000,NA,550,NA,NA
941,Wulagasaurus_dongi,Ornithischia,NA,NA,522,NA,NA
942,Xiaosaurus_dashanpensis,Ornithischia,110,118,87,NA,5.2E+00
943,Xuanhuaceratops_niei,Ornithischia,NA,NA,40,NA,NA
944,Xuwulong_yueluni,Ornithischia,NA,NA,NA,NA,NA
945,Yamaceratops_dorngobiensis,Ornithischia,NA,NA,NA,NA,NA
946,Yandusaurus_hongheensis,Ornithischia,NA,NA,292.1,NA,NA
947,Yinlong_downsi,Ornithischia,152,155,91,NA,5.5E+00
948,Yueosaurus_tiantaiensis,Ornithischia,NA,NA,65,44,3.9E+00
949,Zalmoxes_robustus,Ornithischia,321,NA,210,NA,1.2E+02
950,Zalmoxes_shqiperorum,Ornithischia,309,NA,NA,NA,1.2E+02
951,Zephyrosaurus_schaffi,Ornithischia,NA,NA,NA,NA,NA
952,Zhejiangosaurus_lishuiensis,Ornithischia,525,240,NA,NA,NA
953,Zhongyuansaurus_luoyangensis,Ornithischia,NA,NA,NA,NA,NA
954,Zhuchengceratops_inexpectus,Ornithischia,NA,NA,NA,NA,NA
955,Zuniceratops_christopheri,Ornithischia,NA,NA,NA,NA,NA
956,Lagerpeton_chanarensis,Dinosauromorpha,NA,NA,NA,NA,NA
957,Dromomeron_gregorii,Dinosauromorpha,NA,NA,NA,NA,NA
958,Dromomeron_romeri,Dinosauromorpha,NA,NA,NA,NA,NA
959,Marasuchus_lilloensis,Dinosauromorpha,NA,NA,NA,NA,NA
960,Lewisuchus_admixtus,Dinosauromorpha,NA,NA,NA,NA,NA
961,Asilisaurus_kongwe,Dinosauromorpha,NA,NA,NA,NA,NA
962,Eucoelophysis_baldwini,Dinosauromorpha,NA,NA,NA,NA,NA
963,Silesaurus_opolensis,Dinosauromorpha,NA,NA,NA,NA,NA
964,Sacisaurus_agudoensis,Dinosauromorpha,NA,NA,NA,NA,NA
965,Diodorus_scytobrachion,Dinosauromorpha,NA,NA,NA,NA,NA
